userid,movieid,tagid,timestamp
20,7309,1009,"2007-08-27 18:16:41"
109,7247,1128,"2008-05-23 18:33:32"
109,8171,1128,"2006-12-07 22:20:26"
109,8207,368,"2006-12-07 22:12:44"
127,4355,417,"2007-08-27 18:44:23"
146,3963,507,"2007-11-20 20:16:15"
146,3977,197,"2007-12-05 17:49:56"
146,4057,903,"2006-05-27 04:14:14"
146,4062,849,"2008-04-18 18:49:12"
146,4147,107,"2008-09-14 14:20:16"
146,4155,107,"2006-10-30 19:42:52"
146,4214,770,"2007-12-15 23:47:49"
146,4249,107,"2008-03-23 16:52:11"
146,4252,484,"2007-12-23 21:35:32"
146,4296,770,"2006-10-12 05:08:14"
146,4354,1075,"2007-11-20 04:16:42"
146,4355,227,"2007-11-22 04:47:03"
146,4358,1047,"2007-07-01 03:41:54"
146,4360,305,"2008-04-02 22:13:43"
146,4672,305,"2008-04-03 02:46:21"
146,4772,903,"2006-05-27 04:13:17"
146,4785,305,"2008-04-03 02:05:27"
146,4870,354,"2007-12-15 06:11:08"
146,4885,109,"2008-11-09 20:21:38"
146,4896,227,"2007-11-22 04:46:04"
146,4921,645,"2008-09-20 06:52:53"
146,4922,556,"2007-11-25 05:46:52"
146,4954,770,"2008-04-20 23:57:51"
146,5123,1007,"2007-12-15 23:40:47"
146,5159,901,"2008-04-28 21:52:12"
146,5199,903,"2006-05-27 04:19:00"
146,5203,305,"2008-04-02 22:11:57"
146,5269,911,"2007-09-25 03:25:53"
146,5306,770,"2007-12-03 01:09:57"
146,5350,107,"2006-10-30 19:24:15"
146,5351,883,"2007-11-22 03:41:14"
146,5386,770,"2006-11-13 22:52:12"
146,5520,141,"2008-03-03 11:17:59"
146,5533,903,"2006-05-27 04:15:50"
146,5567,507,"2007-11-20 20:20:16"
146,5580,305,"2008-04-03 02:50:12"
146,5688,842,"2007-12-14 23:37:20"
146,5694,134,"2007-12-15 04:45:22"
146,5713,507,"2007-11-20 20:17:24"
146,5715,556,"2007-11-15 12:14:01"
146,5735,847,"2008-05-04 03:45:42"
146,5783,107,"2006-10-30 19:44:10"
146,5784,107,"2008-04-02 22:35:47"
146,5805,331,"2007-12-23 18:25:10"
146,5842,227,"2007-12-16 03:55:11"
146,5845,942,"2007-10-17 04:26:53"
146,5846,855,"2008-10-26 17:28:07"
146,5856,305,"2008-04-02 22:55:21"
146,5857,705,"2008-01-23 21:42:36"
146,5904,305,"2008-04-03 02:10:23"
146,6189,983,"2007-11-26 01:38:03"
146,6222,248,"2007-12-14 23:13:38"
146,6223,1050,"2007-02-09 03:17:51"
146,6234,503,"2007-11-26 05:55:49"
146,6270,1007,"2007-12-15 23:34:50"
146,6423,688,"2007-12-01 17:23:28"
146,6426,861,"2007-11-15 11:25:40"
146,6441,537,"2008-04-25 19:41:22"
146,6475,901,"2008-07-11 22:58:22"
146,6506,178,"2008-08-23 20:03:46"
146,6509,1047,"2007-11-20 21:05:01"
146,6561,582,"2007-12-06 20:49:02"
146,6586,813,"2007-11-22 04:52:06"
146,6594,1047,"2008-07-21 09:39:41"
146,6597,1050,"2007-02-09 03:19:05"
146,6654,572,"2008-03-24 01:30:43"
146,6757,801,"2007-12-15 06:25:51"
146,6759,107,"2008-08-25 20:52:05"
146,6762,141,"2008-03-03 11:13:40"
146,6768,107,"2006-10-30 20:13:11"
146,6777,770,"2006-10-12 05:08:22"
146,6829,210,"2006-10-12 04:12:57"
146,6834,132,"2007-12-01 06:54:14"
146,6844,210,"2006-10-12 04:23:50"
146,6846,107,"2006-10-30 20:16:05"
146,7029,507,"2007-11-20 20:30:58"
146,7034,995,"2007-05-02 01:00:05"
146,7045,107,"2008-03-22 21:52:20"
146,7047,305,"2008-04-02 20:04:18"
146,7049,107,"2008-07-18 20:40:18"
146,7050,107,"2006-10-30 19:24:19"
146,7051,107,"2006-10-30 19:44:43"
146,7143,883,"2007-11-22 03:51:45"
146,7146,507,"2007-11-20 20:16:01"
146,7202,159,"2006-08-19 17:10:49"
146,7206,568,"2007-11-28 05:13:23"
146,7251,562,"2007-12-04 20:23:36"
146,7260,989,"2007-12-24 01:05:39"
146,7263,1047,"2006-11-04 03:53:15"
146,7267,623,"2008-09-04 05:05:07"
146,7325,132,"2007-12-01 06:30:34"
146,7330,161,"2007-11-23 06:23:48"
146,7331,140,"2008-02-28 05:23:08"
146,7753,877,"2006-10-12 04:38:03"
146,7755,406,"2007-12-01 06:39:01"
146,7861,1047,"2007-08-09 20:05:23"
146,7934,132,"2007-12-01 06:24:43"
146,8080,111,"2007-12-16 05:01:00"
146,8082,305,"2008-04-02 22:01:19"
146,8108,66,"2007-10-27 21:00:12"
146,8211,888,"2007-12-10 19:07:51"
146,8214,566,"2008-10-05 21:52:30"
146,8215,141,"2008-03-03 11:16:19"
146,8235,645,"2007-11-25 05:45:58"
146,8254,903,"2006-05-27 04:21:21"
146,8259,507,"2008-04-30 01:32:51"
146,8263,728,"2008-03-29 01:36:52"
146,8266,901,"2008-07-09 03:06:09"
146,8274,132,"2007-12-01 06:32:30"
146,8281,354,"2007-12-15 06:11:56"
146,8282,901,"2008-04-28 21:51:35"
146,8652,1039,"2007-11-01 17:09:47"
146,8672,66,"2007-11-26 01:32:11"
146,8695,107,"2008-11-16 21:00:56"
146,8726,995,"2007-10-17 03:59:39"
146,8731,537,"2008-04-25 19:40:49"
146,8732,1039,"2007-11-01 17:06:05"
146,8737,914,"2007-11-20 21:19:27"
146,8741,305,"2008-04-22 19:23:58"
146,8772,959,"2008-12-17 22:51:31"
146,8784,134,"2008-09-12 20:55:32"
146,8826,1047,"2008-10-05 21:47:19"
146,9102,728,"2008-03-29 01:36:43"
146,9291,877,"2008-04-16 19:20:54"
283,7143,1047,"2006-01-14 14:26:56"
284,5282,864,"2007-08-27 21:08:48"
284,7034,1024,"2007-08-27 21:08:48"
284,7920,840,"2007-08-27 21:12:16"
284,7942,19,"2007-08-27 21:13:25"
299,4355,230,"2007-08-27 21:25:33"
325,8784,470,"2007-07-28 15:55:27"
487,4355,230,"2007-08-28 08:15:22"
538,4355,979,"2007-08-28 10:17:27"
622,6151,548,"2008-07-07 19:26:01"
622,6642,1059,"2008-07-07 19:23:17"
637,7265,445,"2007-01-10 07:30:00"
692,4899,419,"2007-08-28 23:46:50"
692,8652,419,"2007-08-28 23:58:00"
692,8900,107,"2007-08-28 23:59:03"
850,5293,300,"2007-08-29 22:35:03"
877,4787,323,"2007-10-09 02:09:34"
877,4899,863,"2007-10-09 02:08:41"
922,6266,442,"2007-08-30 12:21:56"
1000,5282,863,"2007-08-30 21:05:50"
1000,7034,375,"2007-08-30 21:06:01"
1017,4155,863,"2007-08-31 04:02:27"
1024,6266,364,"2007-08-31 04:47:02"
1024,6278,445,"2007-08-31 04:54:28"
1042,7920,315,"2007-08-31 07:27:56"
1049,7034,535,"2007-08-31 07:28:30"
1056,4155,201,"2007-08-31 08:14:16"
1056,5282,201,"2007-08-31 08:17:48"
1056,7034,1104,"2007-08-31 08:17:56"
1107,4275,112,"2007-08-31 11:14:14"
1107,5170,141,"2007-08-31 11:29:19"
1118,4870,498,"2008-07-09 12:03:58"
1225,6759,323,"2007-09-01 08:26:44"
1282,7034,378,"2007-09-01 14:49:48"
1436,4355,230,"2007-09-02 09:47:57"
1436,7920,315,"2007-09-02 09:49:03"
1510,5959,456,"2006-11-30 20:15:23"
1553,6266,417,"2007-09-03 09:24:25"
1553,6759,1025,"2007-09-03 09:23:56"
1575,5282,671,"2007-09-03 11:34:47"
1663,5433,882,"2007-09-03 22:51:52"
1698,5282,606,"2007-09-04 05:55:09"
1713,6774,212,"2007-09-20 05:29:39"
1751,4155,439,"2006-01-17 12:28:45"
1751,4355,439,"2006-01-17 12:43:23"
1751,4626,1013,"2006-01-17 12:42:58"
1751,4793,785,"2006-01-17 12:17:05"
1751,4899,439,"2006-01-17 12:51:18"
1751,5204,439,"2006-01-17 12:44:24"
1751,5254,988,"2006-01-17 13:01:44"
1751,5349,309,"2006-01-17 12:44:08"
1751,5523,439,"2006-01-17 12:44:49"
1751,5775,151,"2006-01-17 13:29:29"
1751,6270,785,"2006-01-17 12:17:41"
1751,6423,988,"2006-01-17 12:53:35"
1751,6475,1013,"2006-01-17 12:51:00"
1751,6762,224,"2006-01-17 12:45:36"
1751,6763,1009,"2006-01-17 12:17:56"
1751,7054,88,"2006-01-17 12:34:36"
1751,7060,439,"2006-01-17 12:52:47"
1751,7260,988,"2006-01-17 12:46:45"
1751,7309,1009,"2006-01-17 12:18:01"
1751,7934,988,"2006-01-17 13:14:47"
1858,6762,224,"2006-02-07 05:05:23"
1915,6759,469,"2007-09-05 08:19:09"
1920,6266,445,"2007-09-05 10:07:01"
1920,6759,1072,"2007-09-05 10:04:58"
1920,8096,1085,"2007-09-05 10:07:01"
1988,5123,309,"2006-01-15 16:00:26"
2030,4274,309,"2006-11-08 05:53:13"
2030,4793,785,"2006-11-08 05:43:46"
2030,4882,824,"2006-11-08 05:40:01"
2030,5349,309,"2006-11-08 05:47:52"
2030,5533,824,"2006-11-08 05:39:37"
2030,5784,309,"2006-11-08 06:01:39"
2030,6270,785,"2006-11-08 05:43:39"
2030,6778,309,"2006-11-08 05:46:26"
2030,7234,824,"2006-11-08 05:40:07"
2030,7261,309,"2006-11-08 05:57:19"
2158,4275,19,"2007-09-06 20:26:06"
2456,4214,64,"2006-11-09 12:35:15"
2456,5351,87,"2006-11-09 13:00:26"
2456,6231,952,"2006-11-09 12:55:58"
2456,6763,1009,"2006-11-09 12:30:57"
2456,7248,995,"2006-11-09 12:51:25"
2456,7322,503,"2006-11-09 13:49:44"
2456,8171,1128,"2008-04-20 13:31:01"
2456,8777,431,"2006-11-09 12:48:18"
2477,4355,201,"2007-09-09 03:34:14"
2477,5282,608,"2007-09-09 03:31:14"
2477,6119,935,"2007-09-09 03:36:06"
2477,8096,612,"2007-09-09 03:36:52"
2513,7755,623,"2007-05-20 07:03:30"
2643,4641,577,"2006-11-13 11:52:05"
2643,5057,732,"2008-10-05 19:40:29"
2643,5199,847,"2007-05-18 08:52:59"
2643,7755,492,"2006-11-13 13:23:19"
2643,8171,1128,"2006-11-13 11:50:26"
2852,6512,771,"2006-05-16 13:00:04"
2901,4355,230,"2007-09-10 17:08:37"
2901,5349,279,"2007-09-10 17:14:51"
2901,6119,279,"2007-09-10 17:10:18"
2978,4355,417,"2007-09-10 19:41:08"
2978,6119,935,"2007-09-10 19:42:23"
3017,4275,1074,"2007-09-10 19:47:00"
3017,4882,652,"2007-09-10 19:41:30"
3017,6119,959,"2007-09-10 19:45:52"
3017,6266,991,"2007-09-10 19:48:06"
3017,6759,113,"2007-09-10 19:47:09"
3017,7920,818,"2007-09-10 19:39:55"
3017,8096,850,"2007-09-10 19:48:12"
3028,8281,471,"2007-09-10 19:48:22"
3058,5350,778,"2006-07-23 03:16:16"
3058,6426,722,"2006-01-29 15:42:13"
3058,6482,1004,"2006-07-15 07:25:54"
3058,7050,778,"2006-07-23 03:16:48"
3058,7056,125,"2006-07-11 04:16:47"
3058,8166,811,"2006-07-15 07:16:27"
3174,6454,777,"2006-08-04 22:55:37"
3192,5783,887,"2006-11-11 11:51:27"
3192,6428,784,"2006-11-11 11:00:23"
3224,5805,331,"2008-09-07 23:59:30"
3304,6426,414,"2006-01-27 02:42:21"
3304,7248,642,"2006-01-17 03:01:23"
3304,7934,632,"2006-01-24 01:30:48"
3392,5386,505,"2008-07-17 09:25:47"
3392,6759,746,"2008-07-17 09:23:58"
3392,8171,1128,"2008-07-17 09:16:04"
3489,4155,863,"2007-09-11 14:33:24"
3489,4355,230,"2007-09-11 14:36:05"
3489,4882,1025,"2007-09-11 14:36:37"
3489,7920,315,"2007-09-11 14:36:25"
3490,8263,135,"2007-01-07 01:33:49"
3595,5805,54,"2007-09-11 18:24:17"
3825,4882,849,"2007-09-12 14:51:28"
3844,5572,315,"2006-11-13 12:13:24"
3844,6270,64,"2006-11-13 12:13:12"
3844,7309,1009,"2006-11-13 12:11:56"
3849,4630,425,"2008-07-18 14:00:03"
3911,4882,887,"2007-09-12 23:48:22"
3962,5254,705,"2006-10-01 18:00:22"
3962,7934,705,"2006-10-01 18:00:24"
4022,5775,573,"2007-03-16 15:23:11"
4341,4781,887,"2006-05-05 17:06:33"
4341,4785,1028,"2006-05-04 06:35:09"
4341,4787,374,"2006-05-07 01:25:37"
4341,6223,824,"2006-05-05 16:54:20"
4341,6273,202,"2006-05-05 16:59:09"
4341,6600,575,"2006-05-04 05:44:58"
4341,6839,824,"2006-05-07 01:23:05"
4341,7627,425,"2006-05-05 17:17:54"
4341,8263,905,"2006-05-04 06:43:55"
4341,8937,440,"2006-05-04 05:18:46"
4650,4785,689,"2007-09-16 16:04:10"
4650,7248,613,"2007-09-16 16:00:53"
4697,4214,417,"2006-02-19 16:26:58"
4697,7248,974,"2006-02-19 16:25:07"
4944,4780,647,"2007-09-25 01:38:29"
5002,7248,863,"2007-09-27 13:51:46"
5020,7248,995,"2006-11-19 05:35:40"
5031,5283,887,"2006-11-17 14:14:22"
5161,6600,1029,"2006-02-05 08:05:55"
5161,7239,986,"2006-01-14 06:40:19"
5285,7248,995,"2006-01-24 13:13:17"
5325,4785,995,"2008-08-20 09:25:59"
5637,4549,812,"2006-03-31 22:11:59"
5739,9079,202,"2006-08-08 08:25:02"
5936,6774,212,"2007-09-23 12:59:59"
6038,6428,414,"2006-01-15 17:30:10"
6119,4683,746,"2008-07-26 04:22:33"
6119,4882,849,"2008-07-28 01:01:08"
6119,5058,1080,"2008-07-29 03:31:06"
6119,6223,1050,"2008-08-04 15:14:59"
6119,6454,1047,"2008-09-14 05:17:25"
6119,7062,672,"2008-07-27 23:16:59"
6119,7204,855,"2008-07-28 02:20:47"
6119,8741,331,"2008-09-14 05:11:51"
6289,7887,727,"2007-01-02 13:25:35"
6385,5282,846,"2006-02-20 10:09:03"
6393,7041,533,"2006-01-30 20:17:32"
6393,7248,163,"2006-01-30 20:17:11"
6393,7320,792,"2006-02-05 16:12:37"
6393,7877,533,"2006-02-05 16:11:12"
6393,8113,792,"2006-02-05 16:09:24"
6393,8129,307,"2006-02-05 16:11:10"
6393,8159,155,"2006-02-05 16:10:39"
6393,8245,307,"2006-01-13 21:37:58"
6449,6119,400,"2006-11-24 18:04:16"
6625,4058,919,"2008-03-26 06:31:22"
6862,4630,425,"2008-07-09 18:05:15"
6927,6665,149,"2007-11-11 13:26:16"
6946,5572,315,"2006-11-27 03:48:53"
7088,5520,118,"2006-12-03 06:30:07"
7088,5890,268,"2006-11-28 04:01:43"
7315,4785,1013,"2006-11-27 02:44:21"
7315,6237,25,"2006-12-24 15:15:16"
7357,6654,863,"2006-02-14 05:00:12"
7536,6270,785,"2006-02-04 17:00:09"
7625,5320,1024,"2006-01-14 08:59:01"
7625,6119,1035,"2006-01-14 08:58:29"
7625,6763,145,"2006-01-14 08:48:17"
7625,7041,1035,"2006-01-14 08:47:12"
7625,7248,1024,"2006-01-14 08:57:31"
7625,7942,417,"2006-01-14 08:59:27"
7625,8163,864,"2006-01-14 09:01:48"
7704,4954,177,"2006-12-14 22:46:14"
7815,4214,64,"2006-01-08 19:36:49"
7815,4793,64,"2006-01-08 19:36:55"
7815,5572,315,"2006-01-08 19:35:28"
7815,7815,315,"2006-01-08 19:35:44"
7815,7920,315,"2006-01-08 19:47:38"
7815,8315,315,"2006-01-08 19:56:11"
7939,9065,163,"2006-08-07 04:36:38"
8041,5282,606,"2006-05-26 07:58:59"
8041,5694,508,"2006-05-26 08:01:47"
8041,6752,686,"2007-02-21 05:37:24"
8041,6834,508,"2006-05-26 07:58:11"
8114,9203,792,"2006-10-02 10:29:30"
8282,6270,309,"2006-02-09 15:34:42"
8302,4057,824,"2006-01-16 08:27:50"
8302,4785,824,"2006-01-16 08:17:58"
8302,4882,824,"2006-01-16 08:21:13"
8302,4921,824,"2006-01-16 08:23:15"
8302,6187,824,"2006-01-16 08:22:06"
8302,6223,824,"2006-01-16 08:29:11"
8302,6482,824,"2006-01-16 08:21:34"
8302,6839,824,"2006-01-16 08:28:38"
8381,4780,995,"2008-10-20 15:36:11"
8381,7248,996,"2008-10-20 15:37:18"
8434,6428,29,"2006-02-06 10:59:00"
8584,4917,1097,"2008-09-18 12:22:01"
8610,8777,1047,"2007-11-13 08:38:43"
8624,4132,1121,"2007-07-29 18:58:27"
8624,5386,505,"2007-07-25 00:09:30"
8624,7248,615,"2007-04-01 21:50:03"
8683,4063,309,"2006-12-08 15:59:17"
8683,4274,309,"2006-12-07 16:23:45"
8683,5015,309,"2006-12-06 12:22:35"
8683,5204,201,"2006-12-06 12:49:35"
8683,6152,309,"2006-12-09 16:04:16"
8683,6428,1001,"2006-12-06 08:34:25"
8727,5057,720,"2006-09-18 09:40:41"
8777,4155,439,"2006-01-12 14:01:53"
9029,4785,1028,"2008-08-04 11:46:33"
9030,4214,186,"2006-01-12 20:57:43"
9117,8760,433,"2007-01-09 14:15:39"
9127,6840,601,"2007-10-21 15:22:44"
9127,7815,1073,"2007-10-21 15:24:20"
9316,4075,842,"2006-01-15 18:26:17"
9316,4141,961,"2006-01-23 09:13:44"
9316,4214,372,"2006-01-13 19:26:26"
9316,4355,598,"2006-01-23 09:11:14"
9316,4546,304,"2006-01-15 18:24:52"
9316,4547,674,"2006-01-15 18:31:11"
9316,4549,26,"2006-01-23 09:10:52"
9316,4730,1102,"2006-01-23 09:13:11"
9316,4781,821,"2006-01-15 18:33:06"
9316,4785,1028,"2006-01-13 19:29:41"
9316,4870,498,"2006-01-23 11:02:02"
9316,4922,832,"2006-01-23 11:01:11"
9316,5041,541,"2006-01-13 15:41:00"
9316,5171,268,"2006-01-23 11:02:25"
9316,5199,847,"2006-01-23 10:59:37"
9316,5254,989,"2006-01-13 19:34:28"
9316,5350,419,"2006-01-13 19:33:27"
9316,5351,87,"2006-01-13 12:46:13"
9316,5355,1116,"2006-01-23 11:00:55"
9316,5356,645,"2006-01-15 18:34:47"
9316,5407,45,"2006-01-13 19:34:25"
9316,5432,154,"2006-01-23 11:02:52"
9316,5482,26,"2006-01-23 11:00:26"
9316,5533,489,"2006-02-04 06:31:24"
9316,5536,150,"2006-01-23 11:00:02"
9316,5694,75,"2006-01-23 10:59:41"
9316,5723,685,"2006-01-23 11:03:39"
9316,5890,268,"2006-01-23 10:58:57"
9316,5904,1019,"2006-01-26 13:24:18"
9316,6057,350,"2006-01-26 13:28:21"
9316,6060,26,"2006-01-26 13:23:51"
9316,6098,645,"2006-01-26 13:29:11"
9316,6119,935,"2006-01-23 10:58:22"
9316,6168,26,"2006-01-26 13:27:41"
9316,6181,268,"2006-01-26 13:27:29"
9316,6188,422,"2006-01-26 13:24:04"
9316,6231,952,"2006-01-23 11:10:07"
9316,6237,421,"2006-01-26 13:27:24"
9316,6266,847,"2006-01-15 18:31:16"
9316,6270,397,"2006-01-23 11:06:33"
9316,6273,202,"2006-01-13 19:28:58"
9316,6424,800,"2006-01-15 18:27:19"
9316,6425,1001,"2006-01-26 13:28:46"
9316,6428,1001,"2006-01-26 13:27:37"
9316,6454,523,"2006-01-26 13:28:08"
9316,6509,179,"2006-01-13 19:28:35"
9316,6600,575,"2006-01-26 13:25:43"
9316,6642,61,"2006-01-26 13:28:15"
9316,6657,847,"2006-01-23 11:08:34"
9316,6659,1021,"2006-01-26 13:26:52"
9316,6665,541,"2006-01-13 12:45:44"
9316,6752,885,"2006-01-26 13:28:04"
9316,6759,587,"2006-01-26 13:27:04"
9316,6763,850,"2006-01-23 11:07:52"
9316,6819,582,"2006-01-13 12:46:22"
9316,7047,903,"2006-01-23 11:08:45"
9316,7049,214,"2006-01-23 11:05:48"
9316,7143,673,"2006-01-23 11:10:57"
9316,7172,26,"2006-01-23 11:10:37"
9316,7248,642,"2006-01-13 19:30:08"
9316,7309,850,"2006-01-13 19:32:28"
9316,7322,503,"2006-01-13 19:32:42"
9316,7753,847,"2006-01-23 11:17:00"
9316,7755,1115,"2006-01-13 18:39:44"
9316,7763,503,"2006-01-23 11:16:16"
9316,7856,562,"2006-01-23 11:14:31"
9316,7920,1022,"2006-01-23 11:14:43"
9316,8082,824,"2006-01-23 11:15:05"
9316,8107,87,"2006-01-23 11:14:12"
9316,8171,1128,"2006-01-23 11:17:05"
9316,8211,1028,"2006-01-23 11:16:51"
9316,8235,824,"2006-01-23 11:17:42"
9316,8246,1110,"2006-01-23 11:17:22"
9316,8248,17,"2006-01-23 11:17:52"
9316,8267,775,"2006-01-23 11:14:46"
9316,8315,582,"2006-01-23 11:14:06"
9316,8745,850,"2006-01-13 19:32:33"
9316,8772,159,"2006-01-23 11:18:40"
9316,8777,431,"2006-01-13 19:31:57"
9316,8919,629,"2006-01-23 11:19:24"
9411,8159,1128,"2007-10-05 01:23:30"
9426,5254,951,"2006-01-14 04:34:51"
9475,5433,782,"2006-01-19 09:56:39"
9475,6561,782,"2006-01-19 09:58:06"
9522,6423,988,"2006-01-13 12:08:04"
9522,6819,582,"2006-02-12 19:23:13"
9595,4075,842,"2007-11-02 08:42:49"
9595,5384,983,"2008-07-26 06:23:10"
9811,5855,575,"2006-01-16 09:17:14"
9970,7753,763,"2007-10-10 16:54:48"
9976,5438,871,"2006-01-16 20:41:52"
10032,4155,416,"2006-01-20 22:22:03"
10032,4297,599,"2006-12-20 22:54:49"
10032,4787,374,"2006-01-20 22:26:16"
10032,5127,599,"2006-01-20 22:26:04"
10032,5350,419,"2006-01-20 22:28:14"
10032,7934,232,"2006-01-20 22:29:48"
10032,7942,861,"2006-01-20 22:20:48"
10032,8215,599,"2007-01-02 21:55:01"
10032,8266,416,"2006-01-20 22:25:25"
10032,8983,599,"2006-07-17 15:10:38"
10032,9113,599,"2006-01-20 22:29:16"
10032,9130,599,"2006-12-20 23:13:57"
10058,7248,995,"2008-08-08 02:50:42"
10059,8254,554,"2006-01-18 00:22:14"
10084,4214,372,"2006-01-17 05:18:47"
10181,5775,151,"2006-01-17 14:06:15"
10181,6270,785,"2006-01-17 14:08:59"
10555,4633,644,"2008-11-13 03:53:20"
10555,4780,600,"2008-06-28 07:44:11"
10555,5040,813,"2007-09-16 02:51:09"
10555,5199,385,"2007-12-15 10:45:20"
10555,5533,144,"2007-09-17 13:52:46"
10555,5536,339,"2008-08-01 09:02:11"
10555,5572,835,"2007-03-19 08:14:29"
10555,5691,1117,"2008-07-27 00:30:17"
10555,5857,422,"2008-06-08 09:33:03"
10555,5958,672,"2007-05-05 03:53:21"
10555,6392,672,"2007-05-05 11:21:43"
10555,6561,781,"2007-03-11 10:00:55"
10555,6600,763,"2007-08-31 06:10:44"
10555,7034,385,"2008-09-14 12:42:34"
10555,7062,672,"2007-05-05 05:59:56"
10555,7143,998,"2007-01-01 17:09:29"
10555,7248,642,"2007-03-15 05:01:21"
10555,7260,966,"2008-06-07 05:31:53"
10555,7309,946,"2007-09-12 11:31:17"
10555,7330,813,"2007-02-07 11:09:41"
10555,7749,863,"2007-03-25 12:47:22"
10555,7872,721,"2007-04-15 06:54:27"
10555,8162,92,"2007-09-05 08:23:03"
10555,8171,164,"2008-10-19 02:28:19"
10555,8254,218,"2007-06-15 06:01:00"
10555,8688,442,"2008-08-20 14:12:32"
10555,8741,732,"2008-12-30 13:00:25"
10555,8881,1121,"2008-02-01 11:14:16"
10555,8937,339,"2008-07-31 07:10:42"
10555,9079,819,"2007-05-01 14:57:34"
10674,5188,1014,"2008-01-27 11:47:29"
10739,7248,995,"2006-04-10 15:58:30"
10788,4214,588,"2006-01-19 10:18:04"
10913,6094,445,"2006-01-19 20:10:05"
10936,7248,642,"2006-01-19 23:08:02"
11032,7815,343,"2006-01-15 20:53:53"
11239,4354,244,"2008-03-03 19:27:54"
11271,4155,450,"2007-12-08 13:49:14"
11271,4899,450,"2007-12-08 13:25:31"
11271,5523,450,"2007-12-08 13:28:01"
11271,7041,450,"2007-12-08 13:28:42"
11271,8266,450,"2007-12-08 13:28:26"
11368,8777,1011,"2006-01-21 18:53:28"
11424,7755,623,"2006-12-16 21:59:02"
11457,4870,464,"2006-01-22 06:49:58"
11457,5254,704,"2006-01-22 06:47:02"
11457,7755,492,"2006-01-22 06:48:58"
11613,3963,104,"2006-04-15 11:06:15"
11613,4057,903,"2007-06-08 07:15:05"
11613,4214,748,"2006-03-13 14:46:49"
11613,4650,849,"2006-06-03 19:20:02"
11613,4683,746,"2006-02-26 17:45:42"
11613,4751,498,"2006-02-21 15:46:50"
11613,4870,498,"2006-02-21 15:38:16"
11613,4881,503,"2006-02-21 16:07:52"
11613,4922,747,"2006-02-25 12:01:11"
11613,5369,749,"2006-03-19 10:45:58"
11613,6058,232,"2006-03-15 06:08:14"
11613,6119,935,"2006-02-21 15:58:51"
11613,6231,952,"2007-06-30 10:49:30"
11613,6270,748,"2006-03-13 14:46:03"
11613,6752,862,"2007-01-28 17:12:20"
11613,6759,746,"2006-02-26 17:46:28"
11613,6834,749,"2006-03-19 10:46:22"
11613,7047,747,"2006-02-25 12:02:06"
11613,7049,759,"2006-03-05 16:17:32"
11613,7204,855,"2006-02-23 19:45:45"
11613,8245,849,"2006-06-03 19:14:04"
11613,8267,775,"2007-06-06 17:17:07"
11613,8281,498,"2006-02-21 15:49:09"
11613,8772,756,"2006-02-23 19:01:12"
11744,5254,988,"2006-12-29 12:12:51"
11744,6270,785,"2006-12-29 12:13:20"
11744,7248,995,"2006-12-29 12:11:56"
11744,7627,903,"2007-03-30 12:44:05"
11744,7934,232,"2006-12-29 12:12:25"
11744,8263,135,"2007-09-18 20:51:01"
11744,8777,431,"2006-12-29 12:12:33"
11760,6373,268,"2007-10-16 18:12:38"
11802,6763,1009,"2006-01-23 11:34:48"
11824,4132,1096,"2007-10-16 19:09:06"
11825,7763,230,"2008-08-15 08:23:59"
11898,4214,371,"2007-12-17 23:48:16"
11898,4359,1102,"2006-10-20 18:31:09"
11898,4551,849,"2006-01-25 21:51:52"
11898,4785,1028,"2006-06-25 23:30:29"
11898,5407,45,"2006-01-23 19:45:43"
11898,5856,821,"2008-05-18 15:40:25"
11898,5857,1047,"2006-01-25 21:52:55"
11898,6371,333,"2006-01-25 21:52:41"
11898,6509,954,"2006-01-21 13:54:42"
11898,6752,684,"2006-01-25 21:53:17"
11898,7056,811,"2006-09-04 15:53:19"
11898,7763,701,"2008-02-11 20:53:09"
11898,7942,419,"2006-01-21 17:27:20"
11898,8211,1028,"2008-07-03 00:08:23"
11898,8254,994,"2008-04-25 14:42:11"
11898,8315,561,"2008-08-24 15:37:31"
11898,8937,809,"2006-06-17 19:07:04"
12025,4785,1028,"2006-12-20 14:13:09"
12025,4870,498,"2006-12-20 14:21:40"
12025,5572,315,"2006-12-20 14:13:31"
12025,6454,1047,"2006-12-20 13:56:58"
12025,7047,1047,"2006-12-20 13:56:12"
12025,7143,1059,"2006-12-20 14:08:30"
12025,8737,1059,"2006-12-20 14:11:47"
12064,6844,141,"2008-08-21 03:58:07"
12126,6643,554,"2006-01-24 19:13:31"
12265,4214,64,"2006-01-19 17:01:37"
12265,5369,741,"2006-05-14 18:24:05"
12267,7248,829,"2006-01-25 11:33:05"
12429,7143,673,"2008-02-03 11:44:30"
12458,5350,1028,"2008-08-27 20:38:22"
12626,8881,515,"2007-01-09 01:23:12"
12759,5572,818,"2007-10-23 09:59:21"
12759,7815,818,"2007-10-23 10:04:22"
12759,7920,818,"2007-10-23 09:59:34"
12950,9090,709,"2006-01-28 20:54:51"
13086,7856,262,"2006-01-27 18:33:29"
13159,5159,19,"2006-01-28 10:29:57"
13159,6426,19,"2006-01-28 10:29:18"
13230,6829,164,"2006-01-28 20:48:32"
13230,8741,164,"2006-01-28 20:48:02"
13403,5364,417,"2006-02-08 17:04:53"
13403,6266,417,"2006-02-07 16:15:47"
13403,6428,19,"2006-01-30 04:28:41"
13403,6642,215,"2006-02-07 16:08:15"
13403,7755,623,"2006-01-29 18:15:33"
13403,8108,19,"2006-01-31 10:51:23"
13403,8772,323,"2006-02-09 08:54:18"
13403,8777,215,"2006-02-07 15:55:52"
13454,6119,464,"2006-01-29 20:59:51"
13454,6278,155,"2006-01-29 21:00:02"
13701,5520,909,"2006-07-22 16:09:21"
13937,8246,1110,"2006-12-29 14:54:33"
13970,4626,417,"2006-02-06 16:10:49"
14160,6763,145,"2006-01-31 22:59:31"
14171,4785,829,"2007-10-26 16:09:19"
14222,4723,777,"2007-11-23 21:41:43"
14222,4870,777,"2006-10-15 23:41:02"
14222,4932,777,"2007-09-01 15:33:33"
14222,6187,777,"2006-08-01 19:25:11"
14222,7180,777,"2006-09-30 21:06:18"
14222,7815,777,"2006-07-29 21:24:34"
14222,7939,777,"2006-10-15 23:42:04"
14222,8166,776,"2006-08-01 19:26:35"
14222,8211,777,"2006-10-15 23:40:08"
14222,8269,776,"2006-10-15 23:41:13"
14222,8734,777,"2006-07-29 21:29:22"
14239,4870,498,"2006-02-01 08:17:39"
14239,7934,989,"2006-02-01 08:18:46"
14423,5369,1085,"2006-01-12 15:22:37"
14423,5857,1085,"2006-01-12 15:30:34"
14423,6654,883,"2006-01-12 15:12:08"
14423,8248,743,"2006-01-12 15:26:05"
14498,4917,1096,"2008-08-29 05:21:18"
14498,6759,107,"2008-08-29 05:18:45"
14599,8753,725,"2007-11-06 03:20:51"
14648,4163,88,"2008-09-04 18:04:06"
14648,5350,778,"2008-09-01 02:09:42"
14648,6278,706,"2008-09-04 17:24:59"
14653,8158,97,"2006-03-31 00:14:31"
14653,8274,1096,"2007-01-25 13:27:13"
14653,8744,849,"2008-10-20 07:04:28"
14706,4155,479,"2007-01-01 17:51:53"
14706,6119,479,"2007-01-01 18:03:01"
14706,6829,479,"2007-01-01 18:00:40"
14706,8772,763,"2007-01-01 17:47:59"
14844,7258,80,"2006-02-03 15:33:21"
14844,8207,1108,"2006-02-03 16:52:04"
14844,8726,1108,"2006-06-19 16:02:52"
14918,5533,489,"2007-01-03 10:36:36"
14918,6270,785,"2007-01-04 04:36:15"
14918,6426,887,"2007-08-15 02:11:49"
14918,6643,1069,"2007-03-02 04:43:37"
14946,5407,45,"2006-01-24 13:18:01"
15096,6665,149,"2006-10-29 23:56:46"
15096,8254,458,"2006-10-29 23:57:39"
15111,7507,935,"2007-01-02 18:37:06"
15264,6089,416,"2006-01-15 23:39:49"
15264,6752,416,"2006-01-15 23:39:59"
15264,6844,416,"2006-01-15 23:39:30"
15264,7939,416,"2006-06-05 22:50:33"
15329,6763,1009,"2007-01-03 10:42:08"
15436,4214,1071,"2006-02-05 20:04:37"
15702,4138,415,"2006-01-26 22:55:46"
15702,5364,445,"2006-01-26 22:55:48"
15715,4214,371,"2006-02-06 18:02:49"
15715,5520,118,"2006-02-06 17:57:39"
15715,6270,734,"2006-02-06 17:49:11"
15715,6428,784,"2006-02-06 17:47:01"
15715,7034,996,"2006-02-06 17:50:18"
15783,7763,503,"2007-04-25 20:17:09"
15851,6119,417,"2007-11-04 21:36:12"
15851,6231,952,"2007-11-04 21:08:17"
15896,4796,553,"2006-02-07 11:34:47"
15896,4870,1114,"2006-02-07 11:19:51"
15896,5058,1097,"2006-02-07 11:28:33"
15896,5407,882,"2006-02-07 11:20:37"
15896,5890,415,"2006-02-07 11:19:41"
15896,6454,364,"2006-02-07 11:29:49"
15896,6768,155,"2006-02-07 11:34:08"
15896,7854,417,"2006-02-07 11:32:57"
15896,8214,1099,"2006-02-07 11:30:28"
16003,6278,763,"2006-01-19 17:59:25"
16133,7322,763,"2007-06-03 22:05:40"
16155,4785,652,"2007-11-07 11:31:15"
16155,4793,230,"2007-11-06 12:27:37"
16289,4155,846,"2006-02-08 17:49:04"
16289,4870,268,"2006-02-08 17:43:14"
16289,5283,942,"2006-02-08 17:38:07"
16289,6752,503,"2006-02-08 17:48:40"
16349,4785,995,"2008-09-06 17:01:06"
16389,5368,322,"2006-01-27 17:44:04"
16419,6763,1009,"2006-02-08 20:47:44"
16419,7202,333,"2006-02-08 20:51:51"
16419,7309,1009,"2006-02-08 20:47:51"
16610,4214,327,"2006-02-10 15:54:55"
16610,4793,785,"2006-02-10 01:16:04"
16610,6270,785,"2006-02-09 08:40:37"
16610,8768,576,"2006-02-10 01:13:30"
16664,6643,1067,"2007-01-26 18:05:24"
16766,4360,1071,"2006-04-01 15:09:41"
16766,5188,417,"2006-02-09 16:16:59"
16766,5354,417,"2006-02-09 14:53:53"
16766,5477,417,"2006-02-09 15:58:24"
16766,6089,1071,"2006-02-09 14:32:26"
16766,6165,417,"2006-02-09 15:56:43"
16766,6187,417,"2006-02-09 14:54:17"
16766,6270,417,"2006-02-09 15:40:48"
16766,6600,1072,"2006-02-09 15:39:48"
16766,6834,1072,"2006-02-09 16:14:05"
16766,7148,1071,"2006-02-09 15:58:22"
16766,7180,417,"2006-02-09 14:53:31"
16766,7265,417,"2006-02-09 15:59:33"
16766,7316,19,"2006-02-09 16:15:22"
16766,7330,1072,"2006-02-09 16:36:28"
16766,7854,417,"2006-02-09 15:51:45"
16766,8204,417,"2006-02-09 15:40:18"
16766,8786,1072,"2006-05-01 07:53:59"
16836,4549,1100,"2006-05-26 16:05:17"
16836,4870,498,"2006-04-08 02:08:20"
16836,8281,498,"2006-04-08 02:07:47"
16930,4214,863,"2006-02-10 09:31:39"
16930,7258,323,"2006-02-10 09:01:58"
17044,4214,536,"2007-02-22 04:44:28"
17044,4785,536,"2007-02-22 04:19:44"
17044,4793,536,"2007-02-22 04:55:59"
17044,6270,536,"2007-02-22 04:21:03"
17044,6428,536,"2007-02-22 04:55:23"
17044,6759,536,"2007-02-22 04:42:01"
17044,6763,536,"2007-02-21 08:32:22"
17044,7034,536,"2007-02-22 04:44:49"
17044,7248,536,"2007-02-21 08:14:47"
17044,7309,536,"2007-02-21 08:32:19"
17044,8267,536,"2007-02-22 04:40:10"
17044,8772,536,"2007-02-21 08:24:50"
17044,8777,536,"2007-02-21 08:19:26"
17288,4954,631,"2008-09-12 06:25:34"
17288,5123,64,"2008-09-12 06:34:13"
17288,5254,232,"2008-09-12 06:50:17"
17288,5364,230,"2008-09-12 07:03:49"
17288,5688,111,"2008-09-12 07:02:25"
17288,7034,107,"2008-09-12 06:53:45"
17288,7260,232,"2008-09-12 06:56:59"
17288,7763,230,"2008-09-12 07:03:46"
17288,7934,989,"2008-09-12 06:45:19"
17288,8254,903,"2008-09-12 06:42:26"
17312,4132,1121,"2007-09-17 03:15:50"
17312,4772,608,"2007-12-17 11:01:18"
17312,5253,674,"2007-08-27 16:47:16"
17312,5282,605,"2007-08-27 16:31:48"
17312,5350,605,"2007-07-24 11:49:18"
17312,5583,135,"2007-07-24 12:22:47"
17312,5694,135,"2007-07-24 12:27:27"
17312,5857,704,"2007-12-17 11:26:04"
17312,7258,798,"2007-12-17 11:13:01"
17312,7920,251,"2007-08-27 16:43:39"
17312,8077,1121,"2007-08-05 12:16:34"
17312,8772,159,"2007-12-17 11:21:53"
17461,4214,877,"2006-02-11 14:26:43"
17541,4780,780,"2006-01-22 19:15:26"
17541,8263,905,"2006-01-22 19:15:51"
17541,8726,661,"2006-01-22 19:18:07"
17561,8082,840,"2006-02-11 22:57:30"
17647,4214,371,"2006-02-15 21:24:19"
17647,4296,522,"2006-02-16 21:28:31"
17647,4810,323,"2006-02-16 21:13:47"
17647,4870,19,"2006-02-19 11:48:25"
17647,4917,1096,"2006-02-16 20:37:10"
17647,5204,863,"2006-02-12 11:52:25"
17647,5254,988,"2006-02-12 11:44:56"
17647,5846,323,"2006-02-16 21:25:54"
17647,6270,64,"2006-02-15 21:18:59"
17647,6423,988,"2006-02-12 11:48:39"
17647,6428,19,"2006-02-15 21:52:47"
17647,6454,323,"2006-02-19 11:51:03"
17647,6759,689,"2006-02-16 21:26:54"
17647,6763,1009,"2006-02-14 19:20:12"
17647,6777,522,"2006-02-16 21:29:01"
17647,6840,1037,"2006-02-12 11:30:31"
17647,7034,377,"2006-02-14 19:19:34"
17647,7036,863,"2006-02-16 21:24:34"
17647,7047,323,"2006-02-14 19:28:22"
17647,7049,1096,"2006-02-16 21:17:15"
17647,7142,863,"2006-02-16 20:32:57"
17647,7180,863,"2006-02-16 21:22:44"
17647,7248,323,"2006-02-15 21:44:27"
17647,7309,1009,"2006-02-14 19:20:24"
17647,7755,623,"2006-02-12 11:57:27"
17647,7934,988,"2006-02-12 11:43:39"
17647,8267,323,"2006-02-15 21:53:55"
17647,8772,324,"2006-02-12 11:23:21"
17653,4730,450,"2006-03-22 06:34:13"
17653,6056,450,"2006-03-22 06:39:57"
17725,4355,230,"2008-03-24 06:41:43"
17755,4214,877,"2006-01-15 11:33:05"
17755,4999,1022,"2006-01-15 11:18:10"
17755,7934,989,"2006-01-15 11:26:43"
17779,6983,315,"2007-01-20 15:17:41"
17813,5715,835,"2008-01-26 18:41:37"
17909,9102,905,"2006-01-26 13:53:49"
17978,8245,849,"2008-09-14 12:46:01"
18015,8760,763,"2007-03-15 10:36:28"
18082,3977,268,"2008-06-08 14:47:52"
18093,4132,1121,"2006-04-19 13:24:29"
18093,4155,691,"2006-04-19 03:07:35"
18093,4549,232,"2006-04-19 05:41:15"
18093,4551,849,"2007-09-16 21:47:11"
18093,4772,232,"2006-04-19 05:40:32"
18093,5199,691,"2006-04-19 02:57:21"
18093,5254,232,"2006-04-19 03:04:01"
18093,5282,691,"2006-04-19 02:55:49"
18093,5520,909,"2006-04-21 10:56:51"
18093,5855,705,"2006-04-19 05:31:58"
18093,6679,1087,"2006-04-21 10:47:10"
18093,7045,296,"2006-04-19 02:58:36"
18093,7247,305,"2006-04-19 05:38:17"
18093,7934,232,"2006-04-18 22:31:02"
18168,6600,575,"2006-08-07 02:14:51"
18384,4214,64,"2006-02-14 17:20:30"
18404,8738,425,"2007-11-14 15:17:27"
18473,4132,1126,"2006-02-14 23:49:07"
18666,4780,995,"2007-05-01 12:32:40"
18666,4785,995,"2007-05-01 13:04:56"
18666,4870,181,"2008-06-19 10:24:36"
18666,5127,599,"2006-04-13 14:56:47"
18666,5350,336,"2006-04-19 14:03:07"
18666,5386,770,"2008-06-19 11:08:34"
18666,5432,153,"2006-04-13 14:32:28"
18666,5805,336,"2006-04-19 13:46:41"
18666,6116,612,"2006-04-14 14:42:10"
18666,6119,608,"2007-05-01 13:08:03"
18666,6278,235,"2007-05-15 08:33:31"
18666,6427,994,"2007-05-15 08:36:00"
18666,6644,505,"2006-04-13 16:06:37"
18666,6645,354,"2007-05-01 13:07:02"
18666,6651,425,"2007-05-23 06:54:43"
18666,6665,149,"2006-04-13 16:37:28"
18666,7042,110,"2007-05-15 09:14:22"
18666,7248,642,"2006-04-13 16:01:50"
18666,8171,1128,"2006-04-13 16:28:36"
18666,9113,599,"2006-04-13 14:58:30"
18666,9130,599,"2007-05-01 12:41:16"
18786,8254,903,"2008-09-17 13:19:13"
18797,7239,165,"2006-02-16 13:00:40"
18802,8748,268,"2008-11-11 02:02:53"
18853,4132,1121,"2006-05-01 14:52:45"
18921,4214,371,"2006-02-17 06:50:13"
18983,5159,1067,"2007-07-11 10:42:37"
18983,6600,575,"2006-05-01 14:15:08"
18983,8282,1067,"2007-07-11 10:42:40"
19018,5846,296,"2006-01-23 18:37:26"
19054,6119,599,"2006-02-17 13:08:10"
19106,7934,988,"2006-04-12 22:32:39"
19175,5034,1067,"2006-09-04 13:21:06"
19391,4920,774,"2008-09-20 20:18:53"
19391,5963,505,"2008-12-07 19:03:57"
19460,4148,331,"2006-08-07 05:59:05"
19460,4917,1096,"2006-10-12 14:05:47"
19460,7322,992,"2007-01-03 11:34:04"
19493,7934,1072,"2006-02-19 12:14:21"
19562,6773,562,"2007-01-20 06:44:43"
19562,7251,563,"2007-01-20 06:44:07"
19762,5233,1099,"2006-12-05 15:43:39"
19762,8652,1099,"2006-09-04 12:30:46"
19854,7309,829,"2006-02-21 12:50:00"
19864,8211,1028,"2006-04-15 20:34:39"
19866,4780,780,"2006-02-21 18:14:16"
19866,6270,785,"2006-02-07 20:27:39"
19885,4057,155,"2006-02-21 13:50:36"
19885,4275,155,"2006-02-21 14:23:39"
19885,4607,155,"2006-02-21 14:00:38"
19885,4772,554,"2006-02-21 14:49:20"
19885,5078,554,"2006-03-08 12:25:55"
19885,5283,155,"2006-02-21 13:37:40"
19885,5369,155,"2006-05-25 14:23:27"
19885,5857,155,"2006-02-21 14:30:09"
19885,5890,417,"2006-02-21 14:29:58"
19885,6270,1072,"2006-02-21 13:38:10"
19885,6423,155,"2006-02-21 14:04:15"
19885,6453,155,"2006-02-21 14:23:53"
19885,6594,1073,"2006-03-09 11:52:45"
19885,6600,1073,"2006-02-21 14:25:05"
19885,6752,417,"2006-05-25 14:22:45"
19885,6840,155,"2006-02-21 14:09:54"
19885,7038,155,"2006-02-21 13:27:40"
19885,7249,554,"2006-02-21 14:23:32"
19885,7815,1073,"2006-05-25 14:22:19"
19885,8267,1072,"2006-02-21 14:46:34"
19909,4730,450,"2007-04-24 11:47:40"
19909,7041,900,"2007-08-04 14:19:31"
19923,4354,65,"2006-02-14 13:54:28"
19923,4922,293,"2006-05-12 13:32:12"
20591,4785,1028,"2008-05-28 04:40:14"
20729,4057,824,"2007-11-26 19:32:58"
20729,4252,731,"2007-11-27 14:59:38"
20729,4609,207,"2007-11-27 14:57:54"
20729,4641,968,"2007-11-26 19:32:32"
20729,4772,89,"2007-11-27 15:25:51"
20729,4922,727,"2007-11-26 19:36:09"
20729,5058,1080,"2007-11-28 15:46:00"
20729,5170,141,"2007-11-26 19:26:53"
20729,5482,731,"2007-12-01 17:08:42"
20729,5533,903,"2007-11-26 19:25:34"
20729,5775,682,"2007-11-26 19:37:13"
20729,6089,418,"2007-11-26 19:30:17"
20729,6273,262,"2007-11-27 14:19:38"
20729,6427,727,"2007-12-03 05:04:40"
20729,6509,79,"2007-11-27 14:25:08"
20729,6643,285,"2007-11-28 15:48:36"
20729,6759,587,"2007-11-27 14:25:34"
20729,6762,224,"2007-11-28 15:49:32"
20729,6844,505,"2007-11-27 15:23:40"
20729,7248,995,"2007-11-27 14:50:44"
20729,7763,230,"2007-11-26 19:34:13"
20729,8207,368,"2007-11-27 15:21:03"
20729,8246,733,"2007-11-27 14:51:22"
20729,8937,515,"2007-11-27 14:38:31"
20809,5350,419,"2006-02-26 03:49:45"
20897,6834,508,"2007-11-27 17:29:48"
20987,4546,304,"2007-11-27 23:19:49"
20987,5364,901,"2007-11-27 23:25:14"
20987,7260,232,"2007-12-29 09:52:20"
21011,5572,800,"2007-03-07 05:56:16"
21052,4882,652,"2007-01-25 17:19:08"
21052,7248,995,"2007-01-25 17:20:50"
21062,4793,785,"2006-02-27 07:42:15"
21101,4882,732,"2007-01-25 20:39:30"
21244,8777,431,"2006-03-14 19:53:06"
21272,8207,1108,"2006-01-18 09:45:42"
21272,8211,1028,"2006-01-18 09:42:53"
21348,4882,824,"2007-11-29 08:57:09"
21372,8777,431,"2006-12-11 13:14:21"
21374,4781,45,"2007-01-30 08:11:00"
21374,4785,1028,"2007-01-27 14:11:11"
21374,5350,1028,"2007-04-11 07:27:05"
21374,5783,45,"2007-01-30 05:02:59"
21374,5805,336,"2007-01-30 04:16:14"
21374,6223,824,"2007-02-14 18:47:54"
21374,6426,1028,"2007-01-30 05:04:14"
21374,6763,763,"2007-11-26 18:33:41"
21374,7248,642,"2007-02-02 17:15:00"
21374,7309,763,"2007-11-26 18:34:38"
21374,7824,847,"2007-02-23 06:46:29"
21374,7942,77,"2007-01-27 14:20:16"
21374,8159,1128,"2007-01-30 05:01:26"
21374,8211,1028,"2007-02-15 17:34:06"
21374,8777,362,"2007-05-11 07:57:35"
21513,6665,149,"2007-01-29 02:32:55"
21712,6278,763,"2006-06-15 16:32:02"
21767,5127,599,"2008-02-06 20:09:08"
22025,5572,800,"2006-03-05 09:01:55"
22025,5584,800,"2006-03-05 09:00:30"
22025,6664,800,"2006-03-05 08:57:50"
22025,7920,800,"2006-03-05 08:59:57"
22025,8051,800,"2006-03-05 08:59:27"
22025,8214,800,"2006-03-05 09:00:13"
22075,6600,846,"2007-01-29 10:10:19"
22095,4214,371,"2008-10-06 07:52:35"
22095,5204,1102,"2008-10-06 07:53:33"
22095,5254,232,"2008-10-06 07:52:14"
22095,6166,687,"2008-10-06 20:16:13"
22095,6819,582,"2008-10-08 13:18:54"
22095,7322,992,"2008-10-06 07:53:44"
22095,8082,235,"2008-10-30 12:53:31"
22125,4641,577,"2006-04-09 08:43:52"
22198,9079,324,"2006-02-07 11:54:48"
22609,5407,852,"2007-03-07 21:14:59"
22609,6509,1104,"2007-03-07 21:09:49"
22713,5123,844,"2006-06-29 12:10:57"
22713,5349,844,"2006-06-29 13:15:00"
22713,5784,844,"2006-06-29 12:11:31"
22713,6222,1050,"2007-11-27 08:27:05"
22713,6426,53,"2006-06-29 13:04:23"
22713,6428,1025,"2006-06-29 13:12:14"
22713,6482,1004,"2006-06-29 12:08:56"
22713,7755,1028,"2006-06-29 13:38:49"
22815,4296,901,"2007-02-02 11:44:26"
22815,4549,544,"2007-02-01 14:21:42"
22957,8108,43,"2006-06-01 14:56:32"
22957,8171,1128,"2006-04-08 12:57:34"
23011,6509,1047,"2008-11-01 11:05:23"
23032,5350,778,"2006-01-25 11:35:11"
23032,7047,903,"2006-02-04 07:06:41"
23032,7050,778,"2006-01-25 11:36:28"
23032,8254,460,"2006-12-02 09:00:45"
23110,3963,863,"2006-03-08 06:54:48"
23110,4214,64,"2006-03-08 05:04:47"
23110,4296,230,"2006-03-08 06:45:12"
23110,5254,989,"2006-03-08 06:32:17"
23110,6777,230,"2006-03-08 06:45:20"
23110,7322,503,"2006-03-08 04:09:58"
23110,7580,1016,"2006-05-11 14:26:13"
23110,7815,315,"2006-03-23 16:48:28"
23110,7938,509,"2006-03-08 06:52:25"
23110,8204,64,"2006-03-08 05:14:06"
23172,4148,331,"2006-05-21 08:37:26"
23172,4214,371,"2006-07-07 09:48:29"
23172,4626,1013,"2006-07-27 23:21:47"
23172,4641,577,"2006-07-28 23:30:57"
23172,4772,234,"2006-03-02 13:36:05"
23172,4793,785,"2006-05-30 00:12:47"
23172,4870,595,"2007-06-04 05:32:31"
23172,4899,439,"2006-04-15 19:12:28"
23172,4920,86,"2008-08-27 22:07:31"
23172,5041,541,"2006-11-02 15:46:07"
23172,5199,847,"2008-04-30 18:50:36"
23172,5254,988,"2006-04-07 10:23:50"
23172,5282,107,"2006-10-21 18:28:21"
23172,5283,965,"2006-06-16 06:44:15"
23172,5413,862,"2008-08-28 06:50:17"
23172,5520,909,"2006-08-11 10:46:47"
23172,5533,489,"2006-05-26 14:36:23"
23172,5572,482,"2006-12-28 14:14:50"
23172,5694,754,"2006-07-07 10:06:10"
23172,5713,755,"2006-07-07 10:02:36"
23172,5792,107,"2007-02-16 15:00:31"
23172,5845,964,"2006-05-25 09:25:05"
23172,6270,785,"2006-05-30 00:14:45"
23172,6273,202,"2006-06-23 06:52:42"
23172,6278,706,"2006-06-22 07:30:22"
23172,6428,623,"2006-03-24 10:52:23"
23172,6441,608,"2006-07-14 21:04:52"
23172,6455,1076,"2006-09-14 15:55:55"
23172,6484,795,"2006-08-12 00:55:36"
23172,6561,675,"2006-06-16 07:22:43"
23172,6600,86,"2007-04-24 19:39:23"
23172,6763,145,"2006-06-29 11:28:41"
23172,6819,582,"2006-09-22 19:52:44"
23172,7172,1013,"2006-01-12 23:13:38"
23172,7248,642,"2006-04-16 19:26:46"
23172,7755,623,"2007-02-09 12:28:53"
23172,7920,1022,"2006-12-28 14:15:07"
23172,7934,988,"2006-02-04 11:12:31"
23172,8245,732,"2007-07-13 14:24:43"
23172,8267,754,"2006-07-07 10:05:31"
23172,8281,498,"2006-07-20 19:45:49"
23172,8726,847,"2006-08-23 19:54:33"
23172,8762,675,"2006-08-11 10:44:23"
23172,8777,431,"2006-04-22 08:59:19"
23172,8926,1102,"2007-09-12 17:54:23"
23388,4057,86,"2007-02-26 09:03:59"
23388,4549,138,"2007-02-12 22:21:11"
23388,4780,1008,"2007-02-24 00:04:38"
23388,4785,829,"2007-03-06 07:08:26"
23388,4795,557,"2007-02-16 21:00:45"
23388,4920,1114,"2007-02-21 00:03:15"
23388,5295,717,"2007-02-16 03:08:48"
23388,5356,829,"2007-02-16 23:36:53"
23388,5407,344,"2007-02-16 15:51:26"
23388,5576,829,"2007-02-11 02:35:03"
23388,5695,282,"2007-03-07 09:37:16"
23388,5792,238,"2007-03-06 14:22:47"
23388,5852,325,"2007-02-16 21:31:52"
23388,5860,475,"2007-02-16 20:59:09"
23388,6063,351,"2007-02-16 03:43:14"
23388,6098,312,"2007-02-22 04:25:43"
23388,6168,30,"2007-03-06 07:04:25"
23388,6188,1020,"2007-02-16 21:06:35"
23388,6600,618,"2007-02-11 02:32:23"
23388,6763,982,"2007-02-12 16:18:04"
23388,7034,845,"2007-03-02 16:05:01"
23388,7239,138,"2007-03-06 14:32:40"
23388,7248,138,"2007-02-23 00:45:58"
23388,7309,982,"2007-02-12 16:19:59"
23388,7331,291,"2007-02-14 01:52:43"
23388,7872,86,"2007-03-06 13:40:53"
23388,8158,767,"2007-03-03 15:02:25"
23388,8652,351,"2007-02-17 19:43:31"
23388,8881,238,"2007-02-26 08:29:21"
23538,6437,788,"2006-02-18 22:38:10"
23647,4793,785,"2006-03-09 16:26:12"
23647,6231,315,"2006-03-09 15:57:43"
23647,6262,315,"2006-03-09 16:51:10"
23647,8315,315,"2006-03-09 17:24:53"
23850,5350,778,"2007-01-29 21:37:30"
23850,8211,1028,"2006-03-14 23:19:53"
23858,5775,151,"2006-01-27 20:37:54"
23947,4785,995,"2008-10-13 00:43:15"
23953,4780,331,"2006-04-20 21:27:36"
23953,7920,800,"2007-04-12 14:46:00"
24132,4870,498,"2006-03-11 22:11:24"
24132,6456,1096,"2006-03-11 22:17:12"
24132,8211,1028,"2006-03-11 21:56:34"
24221,4214,107,"2007-02-21 06:37:02"
24221,4785,645,"2007-02-21 06:00:32"
24221,5016,732,"2007-06-05 03:54:22"
24221,6426,729,"2007-03-09 21:03:56"
24221,7755,1028,"2007-02-23 07:54:03"
24221,8159,732,"2007-05-09 22:24:40"
24221,8755,732,"2008-02-16 22:27:18"
24231,4214,107,"2007-10-04 20:13:08"
24231,7325,1069,"2007-10-05 06:56:42"
24234,6576,417,"2006-01-17 17:38:24"
24234,7207,201,"2006-02-02 12:35:02"
24234,8131,201,"2006-02-16 14:58:35"
24234,8983,439,"2006-01-17 17:40:15"
24376,6270,734,"2007-04-24 03:30:28"
24376,7247,1127,"2007-07-31 07:14:58"
24495,7920,800,"2006-01-14 22:25:01"
24592,6600,54,"2006-03-14 04:21:57"
24815,6763,1009,"2006-03-15 02:24:24"
25038,6665,149,"2007-12-18 11:54:33"
25191,9090,323,"2006-01-19 10:57:04"
25244,6763,1009,"2007-02-10 23:53:51"
25244,7309,1009,"2007-02-10 23:54:08"
25286,8096,285,"2007-12-16 00:45:19"
25416,4214,107,"2008-10-19 07:12:06"
25450,4132,127,"2007-01-08 15:54:05"
25450,4214,829,"2006-01-23 14:08:27"
25450,4355,763,"2006-01-23 14:08:05"
25450,4636,418,"2006-01-23 13:31:01"
25450,4723,418,"2006-01-23 19:20:26"
25450,4920,285,"2006-01-23 13:49:11"
25450,5282,829,"2006-01-23 13:32:01"
25450,5694,366,"2006-01-23 13:32:49"
25450,6597,829,"2006-01-23 13:53:57"
25450,6645,676,"2006-01-23 13:53:03"
25450,6752,763,"2006-01-23 19:26:39"
25450,6759,366,"2006-01-23 13:34:48"
25450,6768,763,"2006-01-23 13:54:17"
25450,6834,763,"2006-01-23 19:27:56"
25450,7934,54,"2006-01-23 13:36:26"
25450,8246,418,"2006-01-23 13:36:10"
25450,8267,497,"2006-01-23 19:27:42"
25460,6058,501,"2007-06-11 10:36:50"
25460,6426,501,"2007-06-11 10:36:53"
25460,6453,245,"2007-06-10 10:16:45"
25460,6643,1106,"2007-06-10 09:28:19"
25460,7325,501,"2007-06-11 10:36:47"
25679,6270,643,"2006-01-13 10:54:03"
25730,4787,1035,"2006-03-17 11:09:41"
25730,6223,267,"2006-03-17 12:00:42"
25730,7045,496,"2006-03-17 10:07:25"
25907,5515,587,"2007-12-31 12:44:14"
25907,5857,155,"2007-12-19 11:03:13"
25907,8159,1088,"2007-12-29 16:42:25"
25907,8248,17,"2007-12-31 12:49:17"
25907,8712,852,"2007-12-31 12:47:56"
25907,8741,331,"2007-12-31 10:49:36"
26007,4214,371,"2007-05-08 23:47:22"
26704,7248,887,"2007-09-04 09:46:39"
27307,5897,727,"2007-02-17 01:55:36"
27337,7248,163,"2006-03-22 09:24:38"
27744,7322,503,"2006-03-24 07:07:04"
27951,6594,331,"2008-01-01 15:45:23"
27951,7753,877,"2008-01-01 15:41:42"
28082,4780,780,"2006-06-04 08:29:50"
28122,4214,64,"2008-10-28 04:22:15"
28122,5368,322,"2008-10-28 04:30:21"
28300,5959,926,"2008-03-21 17:13:47"
28300,7756,256,"2008-03-15 14:39:04"
28438,4881,503,"2007-02-20 23:38:33"
28452,5805,336,"2008-09-01 17:01:17"
28481,6777,770,"2007-02-22 14:03:56"
28855,5159,334,"2006-06-03 11:30:17"
28855,5254,334,"2006-06-03 11:24:45"
28855,5283,334,"2006-06-03 11:26:12"
28855,6423,334,"2006-06-03 11:28:25"
28855,7934,334,"2006-06-03 11:24:50"
28855,7942,334,"2006-06-03 11:27:32"
28855,8162,334,"2006-06-03 11:27:54"
28914,7309,1009,"2006-11-20 13:02:52"
29061,8171,155,"2006-01-14 07:45:14"
29137,6763,763,"2008-11-20 06:53:26"
29137,8091,1034,"2008-11-19 16:22:31"
29202,8211,888,"2008-03-04 16:00:13"
29402,4214,244,"2006-04-01 07:05:17"
29421,6439,770,"2008-05-01 01:34:23"
29421,6770,374,"2008-02-16 16:56:24"
29421,7942,886,"2007-04-05 17:15:04"
29421,8051,800,"2007-03-21 12:00:59"
29462,5198,850,"2008-03-28 00:03:56"
29462,5369,850,"2008-03-28 00:02:36"
29462,7050,850,"2008-03-28 00:00:39"
29490,5254,232,"2006-04-01 20:41:03"
29501,8207,368,"2006-08-02 11:23:58"
29501,8211,242,"2006-07-24 19:45:30"
29538,5369,749,"2007-03-08 16:06:41"
29538,7920,800,"2007-03-08 16:05:15"
29559,4155,164,"2006-01-25 13:13:31"
29592,5159,232,"2008-10-29 04:54:44"
29592,5369,741,"2008-10-30 07:08:08"
29592,7934,989,"2008-10-29 04:52:58"
29592,8282,632,"2008-10-29 04:55:10"
29592,8777,1047,"2008-10-29 05:13:11"
29680,4917,370,"2007-02-25 23:46:17"
29680,6426,19,"2007-02-25 23:43:30"
29892,6123,594,"2006-02-11 10:05:33"
30167,4058,732,"2006-09-21 16:58:13"
30167,4076,732,"2006-09-20 15:38:31"
30167,4132,729,"2006-09-23 16:11:33"
30167,4252,731,"2006-09-20 15:25:04"
30167,4297,731,"2006-09-19 23:16:52"
30167,4358,727,"2006-09-20 00:06:50"
30167,4607,731,"2006-09-20 14:02:21"
30167,4626,732,"2006-09-19 23:45:54"
30167,4683,730,"2006-09-22 17:00:00"
30167,4772,732,"2006-09-19 23:49:36"
30167,4787,729,"2006-09-20 23:55:23"
30167,4881,731,"2006-09-20 14:17:14"
30167,4882,732,"2006-09-19 23:12:14"
30167,4922,727,"2006-09-20 13:56:15"
30167,4980,731,"2006-09-20 00:03:44"
30167,4987,729,"2006-09-19 23:40:51"
30167,5016,732,"2006-09-21 18:54:25"
30167,5057,732,"2006-09-20 14:10:38"
30167,5188,732,"2006-09-20 16:33:20"
30167,5203,728,"2006-09-19 23:44:47"
30167,5254,730,"2006-09-22 16:54:31"
30167,5269,731,"2006-09-19 23:42:36"
30167,5355,727,"2006-09-20 00:06:56"
30167,5433,732,"2006-09-20 00:03:06"
30167,5482,731,"2006-09-19 23:25:13"
30167,5520,727,"2006-09-19 23:31:17"
30167,5533,730,"2006-09-23 19:16:44"
30167,5694,728,"2006-09-27 22:16:32"
30167,5712,727,"2006-09-19 23:43:19"
30167,5713,729,"2006-09-23 22:31:32"
30167,5783,729,"2006-09-20 23:56:37"
30167,5846,732,"2006-09-20 13:56:07"
30167,5857,730,"2006-09-27 00:01:30"
30167,5897,727,"2006-09-20 15:28:54"
30167,6089,732,"2006-09-19 23:21:30"
30167,6123,727,"2006-09-19 23:40:58"
30167,6190,729,"2006-09-20 14:35:32"
30167,6426,729,"2006-09-20 14:40:02"
30167,6427,727,"2006-09-19 23:55:50"
30167,6437,732,"2006-09-21 16:49:40"
30167,6441,730,"2006-09-21 17:18:46"
30167,6475,732,"2006-09-20 16:33:34"
30167,6596,732,"2006-09-20 14:32:33"
30167,6752,763,"2006-09-23 16:31:21"
30167,6759,726,"2006-09-25 19:40:51"
30167,6774,727,"2006-09-20 14:01:37"
30167,6829,731,"2006-09-19 23:27:35"
30167,6840,731,"2006-09-19 23:32:58"
30167,7034,729,"2006-09-23 15:45:06"
30167,7036,726,"2006-09-25 19:46:28"
30167,7042,732,"2006-09-19 23:20:43"
30167,7045,730,"2006-09-21 17:26:07"
30167,7047,732,"2006-09-19 23:33:12"
30167,7049,732,"2006-09-20 00:06:43"
30167,7054,732,"2006-09-19 23:58:24"
30167,7172,731,"2006-09-20 16:38:37"
30167,7206,731,"2006-09-20 14:13:34"
30167,7247,730,"2006-09-25 23:40:08"
30167,7248,730,"2006-09-22 17:45:19"
30167,7249,731,"2006-09-20 14:15:05"
30167,7313,731,"2006-09-19 23:45:25"
30167,7650,731,"2006-09-20 15:46:41"
30167,7887,727,"2006-09-20 15:23:13"
30167,8159,732,"2006-09-20 14:14:31"
30167,8165,731,"2006-09-20 15:31:49"
30167,8245,732,"2006-09-20 14:12:08"
30167,8246,732,"2006-09-19 23:36:35"
30167,8684,729,"2007-01-26 13:29:07"
30167,8688,732,"2006-09-20 15:31:17"
30167,8737,731,"2006-09-19 23:43:13"
30167,8755,732,"2008-02-02 13:45:43"
30167,9323,729,"2006-09-26 12:44:01"
30613,9291,659,"2006-11-25 01:53:15"
30627,6428,807,"2007-01-01 12:46:15"
30627,7042,164,"2007-01-01 12:44:45"
30627,7325,1069,"2007-01-01 12:51:43"
30785,5325,1126,"2006-01-24 12:50:54"
30785,8734,1126,"2006-01-24 12:26:03"
31068,6840,292,"2008-01-12 12:39:54"
31098,4793,63,"2006-04-09 01:25:51"
31175,4549,232,"2006-05-02 01:05:07"
31175,5159,232,"2006-05-22 15:27:52"
31175,5369,232,"2006-05-02 01:07:01"
31175,7260,232,"2006-05-02 01:09:09"
31175,7934,232,"2006-05-02 01:04:34"
31179,6763,763,"2007-09-05 04:36:52"
31179,8254,1058,"2007-09-05 04:28:53"
31179,8772,807,"2007-09-05 04:35:04"
31209,8211,1028,"2006-04-09 18:03:11"
31296,7247,19,"2007-03-04 15:39:28"
31381,5842,684,"2007-03-05 11:56:34"
31449,7755,492,"2008-01-12 05:05:00"
31509,7143,673,"2006-04-11 05:11:03"
31661,7248,863,"2007-03-12 04:48:05"
31784,6278,235,"2007-05-23 13:11:17"
31911,6223,1099,"2006-04-13 07:05:34"
31911,6643,1069,"2006-04-13 07:19:33"
31911,7047,903,"2006-04-13 06:58:23"
32299,7942,886,"2008-01-14 14:30:16"
32357,7964,290,"2007-07-28 08:04:55"
32406,7180,777,"2007-02-04 14:03:11"
32508,4793,309,"2006-02-08 16:09:11"
32538,8772,323,"2006-02-15 02:54:58"
32747,8246,1110,"2006-11-11 16:08:07"
32861,4155,863,"2007-03-20 10:12:54"
32861,4275,586,"2007-03-20 08:00:00"
32861,4355,230,"2007-03-20 10:19:19"
32861,4793,186,"2007-03-20 10:08:12"
32861,4899,863,"2007-03-20 10:09:44"
32861,5254,19,"2007-03-20 07:53:30"
32861,5523,863,"2007-03-20 08:49:50"
32861,5858,863,"2007-03-20 08:43:58"
32861,6428,1096,"2007-03-20 10:15:01"
32861,6654,863,"2007-03-20 07:48:19"
32861,6775,1096,"2007-03-20 08:42:37"
32861,6829,863,"2007-03-20 10:09:20"
32861,7036,863,"2007-03-20 07:53:37"
32861,7038,323,"2007-03-20 07:45:12"
32861,7042,323,"2007-03-20 10:17:32"
32861,7064,402,"2007-03-20 07:39:26"
32861,7142,863,"2007-03-20 08:43:24"
32861,7248,323,"2007-03-20 07:45:34"
32861,8274,359,"2007-03-20 07:46:03"
32861,8900,863,"2007-03-20 10:12:59"
33074,7507,1103,"2007-03-27 18:11:28"
33305,4354,65,"2006-04-20 07:58:24"
33305,5123,63,"2006-04-20 07:59:17"
33305,6763,1009,"2006-04-20 08:02:50"
33305,7309,1009,"2006-04-20 07:59:42"
33305,7942,886,"2006-04-20 07:59:28"
33384,4155,22,"2007-04-28 16:32:36"
33384,4274,310,"2007-07-08 15:37:06"
33384,4275,24,"2007-06-17 17:15:44"
33384,4296,770,"2007-08-31 10:29:40"
33384,4355,682,"2007-06-10 13:59:30"
33384,4551,336,"2007-04-28 19:14:58"
33384,4641,577,"2007-08-12 06:49:29"
33384,4772,682,"2007-05-11 03:19:54"
33384,4793,786,"2007-07-08 15:45:57"
33384,4881,770,"2007-07-07 18:05:50"
33384,4920,28,"2007-04-14 19:36:10"
33384,4921,262,"2007-05-05 06:50:27"
33384,5015,775,"2007-07-02 16:21:49"
33384,5127,828,"2007-07-07 17:40:25"
33384,5254,49,"2007-05-14 14:05:37"
33384,5324,111,"2007-07-02 16:33:22"
33384,5349,310,"2007-07-08 15:24:49"
33384,5350,682,"2007-04-28 14:19:29"
33384,5385,22,"2007-07-02 16:26:55"
33384,5386,770,"2007-04-28 16:18:49"
33384,5688,111,"2007-08-12 07:12:54"
33384,5694,133,"2007-08-12 07:40:23"
33384,5706,111,"2007-07-07 17:59:27"
33384,5775,682,"2007-05-12 12:36:49"
33384,5784,784,"2007-07-02 16:17:12"
33384,5845,111,"2007-05-11 03:58:48"
33384,5846,286,"2007-07-07 17:31:10"
33384,5904,133,"2007-04-28 17:44:33"
33384,6058,989,"2007-05-14 14:06:22"
33384,6231,239,"2007-07-07 17:14:11"
33384,6273,262,"2007-05-05 06:45:25"
33384,6392,111,"2007-04-28 16:33:20"
33384,6423,23,"2007-06-23 09:53:21"
33384,6425,784,"2007-07-07 17:48:02"
33384,6426,1028,"2007-05-11 06:58:41"
33384,6439,770,"2007-06-23 15:45:20"
33384,6453,24,"2007-06-17 17:15:36"
33384,6766,828,"2007-06-19 18:13:02"
33384,6768,263,"2007-05-05 06:30:35"
33384,6777,770,"2007-08-31 10:29:46"
33384,6778,310,"2007-07-08 15:37:34"
33384,7051,775,"2007-05-12 12:04:31"
33384,7180,57,"2007-07-19 06:36:38"
33384,7212,682,"2007-06-08 16:59:56"
33384,7247,1128,"2007-06-23 09:47:00"
33384,7248,57,"2007-04-28 18:09:25"
33384,7261,310,"2007-07-08 15:39:40"
33384,7317,111,"2007-04-28 17:41:58"
33384,7322,503,"2007-07-07 17:30:25"
33384,7627,903,"2007-05-11 03:42:41"
33384,7852,22,"2007-04-28 17:07:07"
33384,7934,49,"2007-05-14 14:05:51"
33384,7942,77,"2007-06-23 09:33:47"
33384,8159,24,"2007-06-17 17:14:33"
33384,8171,770,"2007-04-28 15:13:05"
33384,8234,22,"2007-05-12 08:20:07"
33384,8248,1117,"2007-04-28 19:06:08"
33384,8254,903,"2007-08-05 15:14:39"
33384,8263,133,"2007-04-28 20:57:27"
33384,8267,775,"2007-07-02 16:29:01"
33384,8791,111,"2007-07-07 18:19:14"
33384,8900,22,"2007-04-28 16:32:21"
33384,8983,828,"2007-04-28 17:50:03"
33384,9125,659,"2007-06-17 16:30:37"
33460,5959,505,"2006-01-12 15:03:38"
33460,6644,505,"2006-01-12 15:18:11"
33460,6844,505,"2006-01-12 15:24:42"
33460,7753,505,"2006-01-12 15:21:34"
33477,6372,978,"2007-03-15 13:19:56"
33518,4214,64,"2006-04-20 13:26:38"
33780,6278,763,"2006-08-11 20:35:01"
33780,6840,715,"2006-08-09 15:25:09"
33891,6643,1069,"2007-03-15 09:40:15"
34295,9130,350,"2006-02-03 10:10:05"
34329,4682,177,"2006-01-26 10:38:25"
34420,8684,978,"2008-05-19 18:08:15"
34671,4275,1075,"2008-04-24 00:28:08"
34671,4354,1075,"2008-04-24 00:27:46"
34671,5368,802,"2008-06-03 23:27:20"
34671,6453,1075,"2008-04-24 00:28:05"
34671,8159,1075,"2008-04-24 00:27:45"
34680,6840,849,"2006-05-04 01:24:32"
34680,7248,995,"2006-05-04 01:18:38"
34704,7309,1085,"2006-04-25 04:32:44"
34745,4354,244,"2008-03-26 00:39:06"
34745,4681,113,"2007-05-18 02:48:40"
34745,4780,780,"2007-05-18 02:16:08"
34745,4793,754,"2007-01-27 14:01:49"
34745,4954,631,"2008-07-17 06:25:50"
34745,5016,795,"2007-05-18 02:31:01"
34745,5123,844,"2007-05-18 02:26:42"
34745,5283,881,"2007-05-25 04:27:50"
34745,5349,844,"2007-05-18 02:26:40"
34745,5369,749,"2007-01-28 08:49:45"
34745,5784,1044,"2007-05-18 02:26:38"
34745,6057,170,"2008-01-03 09:13:35"
34745,6778,844,"2007-05-18 02:26:37"
34745,6834,749,"2008-01-07 06:36:30"
34745,7248,760,"2007-01-28 08:39:42"
34745,7261,1007,"2008-07-23 08:29:22"
34745,7934,989,"2007-05-18 02:39:39"
34745,8171,1127,"2007-07-14 04:45:56"
34745,8204,244,"2007-10-20 10:23:40"
34745,8214,877,"2007-06-20 03:38:00"
34745,8216,905,"2007-08-16 08:44:42"
34796,5805,336,"2006-04-25 14:50:15"
34900,4785,824,"2006-05-01 04:20:15"
34900,5533,489,"2006-05-01 04:22:07"
34958,4793,193,"2006-04-26 09:27:15"
34958,6237,421,"2006-04-26 09:53:12"
34958,7270,793,"2006-04-29 13:50:32"
35064,8082,829,"2006-05-01 20:10:07"
35543,6454,523,"2006-04-29 20:32:02"
35821,8777,431,"2008-02-13 21:38:36"
36063,8726,388,"2006-05-02 05:03:44"
36151,4214,327,"2008-01-30 09:26:17"
36151,4785,887,"2008-01-30 09:40:45"
36151,4793,785,"2008-01-30 09:25:00"
36151,5123,64,"2008-01-30 10:11:20"
36151,6270,785,"2008-01-30 09:25:11"
36538,8693,125,"2006-08-21 10:54:45"
36553,5350,778,"2007-02-22 00:08:14"
36784,4954,1125,"2006-11-04 16:49:37"
36784,5159,460,"2006-10-24 12:34:19"
36784,5294,327,"2007-12-31 20:56:50"
36784,5890,134,"2006-08-30 12:47:48"
36784,6425,327,"2007-12-31 20:57:25"
36784,6643,460,"2006-10-24 12:34:32"
36784,7047,134,"2006-08-30 11:51:55"
36784,7211,277,"2007-04-09 09:59:06"
36784,7260,460,"2006-10-24 12:34:04"
36784,7325,460,"2006-10-24 12:35:28"
36784,7964,290,"2008-04-28 06:46:21"
36784,8204,327,"2007-12-31 20:54:26"
36784,8263,134,"2006-08-30 12:42:27"
36784,8267,134,"2006-08-30 11:51:02"
36784,8282,460,"2006-10-24 12:34:24"
36784,8777,34,"2006-11-07 16:19:46"
36784,8826,34,"2006-11-07 16:19:32"
36802,7180,417,"2007-05-16 19:20:57"
36879,6231,952,"2008-05-28 11:15:30"
36879,6266,847,"2008-07-04 20:53:06"
36988,6428,784,"2006-01-22 12:56:53"
36988,8246,905,"2006-01-22 12:58:07"
37216,5890,1047,"2006-05-09 21:31:02"
37216,6373,795,"2006-05-09 21:20:43"
37216,6768,262,"2006-05-09 22:02:41"
37216,8772,756,"2006-05-09 21:41:57"
37419,5855,806,"2006-05-05 17:19:35"
37419,6089,416,"2006-07-18 17:02:55"
37419,7247,1128,"2006-07-18 23:21:30"
37419,7322,503,"2006-02-18 15:35:55"
37419,7763,763,"2006-01-14 01:24:48"
37419,8246,1110,"2006-02-18 15:39:27"
37419,8315,582,"2006-02-24 21:35:27"
37454,7147,863,"2008-07-01 18:03:37"
37454,8698,689,"2008-08-03 17:07:09"
37657,4793,785,"2006-05-11 13:11:09"
37698,4214,64,"2006-05-11 21:46:31"
37698,4252,255,"2006-05-11 21:59:11"
37698,4626,417,"2006-05-11 21:58:38"
37698,4785,824,"2006-05-12 09:01:11"
37698,4793,785,"2006-05-12 09:08:49"
37698,4870,268,"2006-05-12 09:09:03"
37698,4917,323,"2006-05-12 09:10:47"
37698,5171,268,"2006-05-11 21:58:08"
37698,5282,154,"2006-05-12 09:01:24"
37698,5349,309,"2006-05-11 21:57:54"
37698,5350,419,"2006-05-11 21:45:46"
37698,5572,315,"2006-05-11 21:45:37"
37698,5890,268,"2006-05-11 22:45:08"
37698,5959,1085,"2006-05-12 08:52:41"
37698,6089,416,"2006-05-12 09:09:13"
37698,6270,785,"2006-05-12 09:12:14"
37698,6428,784,"2006-05-11 22:42:16"
37698,7034,996,"2006-05-11 22:45:19"
37698,7248,995,"2006-05-12 08:59:46"
37698,7763,1013,"2006-05-11 22:35:11"
37698,7815,315,"2006-05-12 09:05:21"
37698,7934,232,"2006-05-11 22:42:22"
37698,8171,1128,"2006-05-12 09:09:30"
37698,8768,576,"2006-05-12 09:01:22"
37698,8772,159,"2006-05-12 09:00:15"
37698,8777,431,"2006-05-11 22:25:45"
37762,5732,178,"2006-04-20 15:08:52"
37782,4214,371,"2006-05-12 12:01:09"
37782,5204,1102,"2006-05-16 11:06:34"
37782,6777,978,"2006-05-12 12:18:54"
38111,6600,1111,"2007-04-02 18:22:27"
38121,4785,1028,"2006-05-14 15:47:43"
38298,8267,1072,"2007-04-12 04:51:23"
38396,4214,417,"2008-02-05 18:48:10"
38396,4793,186,"2008-02-05 18:46:34"
38527,7320,807,"2006-01-20 23:38:03"
38662,4780,326,"2007-03-27 12:08:05"
38662,6428,784,"2007-06-05 13:45:45"
38662,6752,862,"2006-05-05 14:10:00"
38662,7934,989,"2007-06-11 07:38:30"
38662,8171,1128,"2006-01-12 14:36:46"
38662,8207,780,"2007-09-23 13:54:11"
38662,8983,961,"2008-02-19 14:05:25"
38726,4874,675,"2007-05-21 17:03:21"
38726,7753,847,"2008-11-01 19:55:13"
38726,8666,675,"2007-04-09 12:50:49"
38740,4683,720,"2006-06-13 11:39:50"
38848,4781,887,"2006-01-19 22:28:15"
38848,5407,45,"2006-01-19 22:27:09"
38848,5694,75,"2006-01-20 10:33:04"
38875,6116,612,"2006-10-06 13:43:15"
38882,4723,455,"2008-02-07 20:09:42"
38927,6121,849,"2007-02-04 18:25:28"
38927,7247,849,"2007-02-04 18:19:22"
38928,8737,731,"2006-11-13 23:42:47"
38960,7938,171,"2008-03-20 15:36:51"
39065,4157,182,"2006-11-10 22:05:11"
39065,4549,829,"2006-11-10 21:45:54"
39065,4723,829,"2006-11-10 21:55:02"
39065,4793,278,"2006-11-10 22:10:52"
39065,5041,909,"2006-11-10 21:45:37"
39065,5127,909,"2006-11-10 21:49:28"
39065,5203,829,"2006-11-10 21:57:12"
39065,6089,829,"2006-11-10 21:56:26"
39065,6261,229,"2006-11-10 21:42:24"
39065,6278,1116,"2006-11-10 21:48:30"
39065,6770,829,"2006-11-10 21:51:52"
39065,6829,278,"2006-11-10 21:52:47"
39065,7034,829,"2006-11-10 21:46:42"
39065,7248,829,"2006-11-10 21:50:03"
39065,8082,829,"2006-11-10 21:45:58"
39065,8207,368,"2006-12-05 12:23:33"
39104,6270,309,"2006-05-20 16:50:06"
39316,8688,732,"2007-06-18 10:20:19"
39677,5520,118,"2006-10-06 11:00:10"
39677,6763,910,"2007-02-23 20:50:29"
39799,8734,1126,"2006-06-01 11:22:49"
39812,7143,998,"2008-11-01 18:53:25"
39935,5720,431,"2007-05-13 22:16:07"
39935,7753,877,"2007-05-19 21:48:18"
39935,8777,431,"2007-05-19 21:55:33"
40209,5942,515,"2006-03-13 20:56:18"
40344,5846,323,"2006-05-28 04:29:38"
40344,7260,232,"2006-05-28 01:35:16"
40344,7934,988,"2006-05-28 01:34:29"
40344,8772,323,"2006-05-28 01:33:48"
40737,7903,185,"2006-01-14 13:01:24"
40895,6763,631,"2008-10-31 07:11:45"
40930,5890,387,"2008-03-01 15:08:16"
40930,6270,387,"2008-03-26 07:03:41"
40930,7038,1091,"2008-03-01 15:01:54"
41002,7270,793,"2006-05-31 04:20:56"
41130,4296,770,"2008-01-02 21:25:59"
41130,4641,770,"2008-01-02 21:17:25"
41130,5159,1067,"2006-01-14 22:46:41"
41130,5386,770,"2008-01-02 21:26:20"
41130,5775,573,"2006-01-14 22:30:51"
41130,6439,770,"2008-01-02 21:19:51"
41130,6643,1067,"2006-01-14 22:26:40"
41130,6644,680,"2006-01-14 22:54:21"
41130,6777,770,"2008-01-02 21:26:03"
41130,7247,1127,"2006-01-14 22:14:34"
41130,7877,1127,"2006-01-14 23:00:58"
41130,8171,1127,"2006-01-14 22:15:05"
41130,8282,1067,"2006-01-14 22:30:47"
41178,5783,521,"2006-01-18 20:09:36"
41587,7036,230,"2006-07-04 16:23:26"
41622,7903,185,"2008-03-26 18:34:30"
41688,8254,469,"2006-05-21 07:54:34"
41726,4785,1028,"2006-08-20 12:51:57"
41740,5805,380,"2008-06-02 06:42:04"
41829,7755,623,"2006-02-04 12:43:54"
42138,7172,1013,"2006-06-06 22:23:31"
42500,6763,1085,"2007-09-19 15:10:18"
42500,7309,1085,"2007-09-19 15:01:04"
42698,8211,220,"2007-04-22 09:22:45"
43113,4132,1121,"2007-11-04 07:18:53"
43113,4148,331,"2007-11-04 15:24:01"
43113,5013,1121,"2007-11-04 08:25:12"
43113,5325,1121,"2007-11-04 07:45:16"
43113,5386,770,"2007-11-04 08:24:04"
43113,6439,770,"2007-11-04 15:20:42"
43113,7755,377,"2008-07-12 23:19:18"
43189,5381,927,"2007-04-24 07:08:23"
43189,6504,927,"2007-04-24 07:10:02"
43205,5350,995,"2006-06-10 09:10:05"
43501,4723,455,"2006-06-11 12:13:16"
43527,4681,374,"2008-02-29 13:45:04"
43603,4780,331,"2006-06-26 08:57:30"
43603,4989,79,"2006-06-11 19:45:53"
43603,8214,505,"2006-06-11 18:53:23"
43699,4989,360,"2006-08-23 20:38:23"
43699,5350,778,"2006-08-23 20:35:12"
43699,7050,778,"2006-08-23 20:35:17"
43699,7815,315,"2006-08-16 19:29:43"
43792,4609,19,"2006-04-11 21:27:28"
43792,5254,987,"2006-02-20 07:49:27"
43792,6426,1028,"2006-02-20 08:02:27"
43792,7325,664,"2006-02-20 08:09:08"
43792,7934,987,"2006-02-20 07:51:08"
43867,6774,903,"2008-11-06 09:57:13"
43948,7322,992,"2006-06-16 12:16:07"
44049,5572,978,"2008-05-31 08:48:45"
44049,7248,763,"2008-05-31 08:40:06"
44049,7258,312,"2008-05-31 09:01:03"
44049,8772,1054,"2008-05-31 08:32:17"
44404,6844,141,"2008-11-07 16:24:28"
44485,7507,935,"2006-06-17 09:22:52"
44572,8755,732,"2008-11-08 06:17:16"
44697,8772,159,"2007-05-01 15:01:11"
45049,8937,515,"2007-10-15 11:10:35"
45070,6659,178,"2006-07-21 07:40:33"
45129,5351,776,"2007-03-21 08:23:20"
45129,5723,776,"2007-04-30 13:56:13"
45129,6665,776,"2008-07-28 09:08:37"
45190,5254,988,"2006-06-20 18:35:07"
45190,6270,785,"2006-06-20 18:34:56"
45190,6426,1028,"2006-06-26 06:23:46"
45190,7934,232,"2006-06-20 18:33:55"
45190,7964,988,"2006-06-21 12:36:22"
45190,8731,863,"2006-06-21 07:28:26"
45190,8772,756,"2006-06-26 07:05:22"
45257,5283,887,"2006-05-06 20:31:49"
45290,8171,1128,"2007-06-25 06:53:45"
45656,5254,232,"2006-06-22 18:24:15"
45656,7934,232,"2006-06-22 18:22:44"
45805,7325,1069,"2008-10-12 02:40:06"
45987,5735,818,"2006-02-15 18:25:02"
45987,8214,827,"2006-01-09 20:04:08"
45987,8246,763,"2006-01-09 20:06:52"
45987,8777,431,"2006-02-15 17:54:25"
46033,7049,296,"2006-02-06 10:13:19"
46085,4780,763,"2006-01-19 13:33:20"
46085,4810,296,"2006-01-19 13:32:53"
46085,6119,763,"2006-01-19 13:33:54"
46085,6278,763,"2006-01-19 13:34:08"
46085,6600,640,"2006-01-19 20:24:05"
46085,7045,763,"2006-01-19 13:34:23"
46085,7258,1054,"2006-02-12 07:23:03"
46085,8246,640,"2006-01-19 20:24:44"
46116,6428,29,"2006-06-26 19:52:21"
46127,5482,26,"2007-05-08 20:39:27"
46335,4275,155,"2007-05-11 20:03:25"
46335,7247,1128,"2007-05-12 15:42:56"
46335,8171,1128,"2007-05-12 15:42:48"
46353,4214,763,"2007-07-21 07:08:27"
46353,8211,1028,"2007-02-03 13:03:57"
46369,8082,863,"2008-11-11 23:09:50"
46375,8159,1128,"2007-05-08 16:58:00"
46586,5364,264,"2006-06-30 10:05:12"
46586,5775,151,"2006-06-30 10:15:52"
46655,5386,877,"2006-03-26 21:47:31"
46804,6270,785,"2008-11-13 03:29:03"
46804,7309,631,"2008-11-13 03:46:35"
46840,6169,202,"2006-05-30 18:34:29"
46940,8171,350,"2007-05-11 07:22:12"
46959,8111,1054,"2006-09-11 05:00:22"
46959,8772,285,"2007-05-03 07:33:20"
46959,8826,1054,"2006-09-11 04:59:24"
47249,4064,874,"2008-04-05 15:26:47"
47249,5057,874,"2008-04-05 15:22:52"
47384,8281,857,"2006-02-11 19:32:21"
47438,8734,1126,"2006-07-04 18:28:59"
47448,4057,180,"2006-07-19 18:49:20"
47448,4148,331,"2006-07-04 09:35:49"
47448,4551,849,"2006-07-10 12:02:54"
47448,4609,631,"2008-09-14 15:10:45"
47448,4781,45,"2006-07-05 20:35:31"
47448,4785,1028,"2006-07-03 15:44:59"
47448,4870,849,"2006-07-03 15:06:10"
47448,4882,849,"2006-11-27 10:31:16"
47448,5059,180,"2008-02-07 12:27:54"
47448,5159,1069,"2008-12-17 18:14:33"
47448,5199,691,"2007-06-24 15:06:10"
47448,5283,861,"2008-11-30 17:47:47"
47448,5293,849,"2006-07-03 15:29:45"
47448,5350,778,"2007-10-21 16:33:00"
47448,5416,339,"2008-01-14 16:03:58"
47448,5520,118,"2006-07-04 00:48:19"
47448,5533,849,"2006-07-10 15:24:16"
47448,5805,336,"2006-07-25 08:57:26"
47448,6089,227,"2008-12-17 17:04:42"
47448,6190,223,"2006-07-04 10:28:13"
47448,6237,421,"2006-07-26 14:57:51"
47448,6428,435,"2008-01-29 16:44:20"
47448,6643,1069,"2006-07-23 16:19:03"
47448,6757,339,"2008-10-06 16:21:29"
47448,7247,1128,"2006-07-03 16:21:08"
47448,7325,1106,"2008-03-24 19:12:41"
47448,7763,503,"2006-07-05 21:00:37"
47448,7920,1022,"2006-10-24 18:21:49"
47448,8171,1128,"2006-07-03 16:21:41"
47448,8214,827,"2006-08-08 11:37:28"
47448,8772,159,"2008-12-17 16:04:52"
47448,8869,339,"2009-01-04 18:58:49"
47711,7320,792,"2006-07-04 10:36:44"
48054,6123,727,"2007-03-05 15:11:28"
48337,4870,498,"2008-12-01 02:02:38"
48337,5254,232,"2008-12-01 02:06:27"
48337,6597,1050,"2008-12-01 02:03:01"
48337,8281,498,"2008-12-01 02:02:28"
48337,8772,691,"2008-12-01 02:07:09"
48454,5846,877,"2006-02-03 08:42:13"
48487,4882,995,"2008-11-17 16:04:51"
48600,4793,785,"2006-07-10 14:34:58"
48600,6270,785,"2006-07-10 14:34:44"
48621,5349,1104,"2007-07-24 18:38:18"
48621,6759,1072,"2006-06-19 18:09:19"
48717,4067,1104,"2006-12-09 22:37:08"
48717,4148,140,"2006-10-23 17:15:32"
48717,4354,397,"2006-10-23 17:14:12"
48717,4551,788,"2006-10-23 16:56:13"
48717,4917,1096,"2006-09-18 14:13:54"
48717,4999,261,"2006-10-23 17:35:42"
48717,5041,663,"2007-02-19 20:09:16"
48717,5169,215,"2006-10-23 16:21:39"
48717,5349,45,"2006-09-16 13:23:40"
48717,5386,505,"2006-09-20 13:06:32"
48717,5477,116,"2007-02-19 20:11:33"
48717,5576,719,"2006-09-16 13:04:54"
48717,5775,304,"2006-10-23 16:48:20"
48717,5890,469,"2006-09-18 14:14:02"
48717,6058,285,"2006-10-23 17:14:41"
48717,6437,97,"2006-10-23 17:16:02"
48717,6643,1054,"2006-10-23 16:54:02"
48717,6778,309,"2006-10-23 15:08:12"
48717,7180,643,"2006-09-16 13:06:10"
48717,7309,575,"2006-09-16 13:22:41"
48717,7325,1072,"2006-10-23 16:30:03"
48717,7755,492,"2006-09-18 14:08:29"
48717,7939,64,"2006-10-23 16:52:52"
48717,8082,421,"2006-10-23 16:25:31"
48717,8107,377,"2006-09-18 13:57:45"
48717,8135,165,"2006-10-18 15:48:47"
48717,8157,573,"2007-02-19 20:10:56"
48717,8211,550,"2006-09-18 14:10:48"
48717,8249,371,"2007-02-19 20:20:48"
48717,8274,1032,"2006-10-18 15:42:21"
48743,6600,938,"2006-07-10 19:13:53"
48890,4899,439,"2008-03-18 02:14:26"
49066,5123,186,"2008-11-22 15:37:27"
49265,4793,785,"2007-05-21 12:00:26"
49265,5293,1024,"2007-05-21 12:15:00"
49265,5364,264,"2007-05-21 11:38:40"
49265,5890,603,"2007-05-21 12:06:21"
49265,7942,153,"2007-05-21 11:34:05"
49383,8652,929,"2006-01-19 14:32:37"
49527,7877,1128,"2007-05-22 17:43:33"
49882,4057,180,"2007-08-13 12:42:14"
49882,4214,371,"2008-07-17 19:52:57"
49882,4354,887,"2007-08-10 13:04:10"
49882,4882,732,"2007-07-20 19:59:37"
49882,4899,1028,"2007-08-14 20:09:38"
49882,5016,795,"2007-07-18 16:06:24"
49882,5159,232,"2008-08-11 18:59:00"
49882,5254,232,"2008-06-17 17:58:38"
49882,5283,887,"2008-06-17 17:56:38"
49882,5350,778,"2007-07-10 18:19:18"
49882,5386,877,"2007-08-07 13:28:54"
49882,5407,639,"2007-08-10 13:00:27"
49882,5736,1106,"2007-07-16 19:23:52"
49882,5775,573,"2008-06-17 18:30:55"
49882,5890,415,"2007-06-22 19:38:52"
49882,5959,1085,"2008-06-17 18:32:53"
49882,6056,450,"2008-06-17 18:35:44"
49882,6151,44,"2008-09-10 06:48:59"
49882,6231,952,"2007-05-31 07:20:37"
49882,6423,232,"2008-08-01 06:36:49"
49882,6426,887,"2008-06-17 18:09:20"
49882,6428,784,"2008-08-08 22:18:17"
49882,6454,959,"2007-07-04 11:42:18"
49882,6597,383,"2007-07-04 11:41:50"
49882,6643,1067,"2007-07-31 17:28:48"
49882,6654,883,"2007-07-31 17:28:24"
49882,6839,824,"2008-06-17 18:34:41"
49882,7204,855,"2007-08-10 13:02:14"
49882,7322,503,"2007-07-18 16:14:07"
49882,7753,505,"2007-07-05 20:05:38"
49882,7854,197,"2007-07-18 16:09:37"
49882,7934,704,"2007-06-29 16:43:50"
49882,7942,420,"2007-07-16 19:21:13"
49882,8282,1069,"2008-08-15 14:08:47"
49882,8731,374,"2007-07-16 19:24:09"
49882,8777,1047,"2008-06-17 17:36:52"
50049,4651,663,"2008-03-25 07:50:42"
50543,8666,312,"2008-02-10 17:25:38"
50606,4723,978,"2008-11-29 14:15:54"
50606,5127,828,"2008-11-21 11:51:03"
50733,4297,599,"2009-01-02 20:50:45"
50733,5127,599,"2009-01-02 20:48:53"
50733,6119,935,"2009-01-02 20:47:42"
50733,6654,599,"2008-12-14 20:39:32"
50733,9113,599,"2009-01-02 20:49:07"
50733,9406,599,"2008-11-25 07:30:08"
50846,4785,1028,"2008-12-27 15:55:50"
50893,7938,638,"2006-02-19 23:24:34"
50893,8772,159,"2006-02-19 22:45:45"
50970,5283,887,"2006-10-17 15:34:02"
50970,5369,741,"2007-04-24 20:53:00"
50970,6057,719,"2007-09-08 21:55:38"
50970,7856,892,"2006-08-24 09:01:44"
50992,5773,824,"2006-06-06 19:55:20"
51027,4874,950,"2006-01-17 06:20:15"
51027,8082,950,"2006-01-17 06:21:20"
51027,8267,950,"2006-01-17 06:21:15"
51033,4155,574,"2006-02-23 08:50:18"
51033,4629,509,"2006-02-23 08:43:23"
51033,4869,509,"2006-02-25 11:35:22"
51033,5058,509,"2006-02-23 08:43:04"
51033,6087,509,"2006-02-23 08:44:05"
51033,6167,283,"2006-04-10 09:56:35"
51033,7038,774,"2006-04-14 07:58:28"
51033,7207,283,"2006-04-10 09:58:22"
51033,7920,800,"2006-04-14 07:55:21"
51033,8234,509,"2006-02-23 08:40:27"
51033,8274,509,"2006-02-23 08:24:43"
51033,8777,431,"2006-04-17 16:09:18"
51033,9113,425,"2006-02-24 12:51:53"
51118,4214,371,"2006-01-17 05:13:38"
51118,4870,595,"2006-01-17 05:31:15"
51118,5123,63,"2006-01-20 07:00:22"
51118,6119,935,"2006-01-20 07:21:37"
51118,6270,734,"2006-01-17 06:04:39"
51118,7041,885,"2006-02-17 06:19:44"
51118,7755,1112,"2006-01-17 05:45:28"
51301,5188,1014,"2008-12-09 00:58:33"
51373,4549,812,"2006-07-23 21:23:18"
51466,6437,732,"2006-11-28 09:54:29"
51603,4781,43,"2007-06-02 15:50:43"
51603,6270,763,"2007-06-15 19:25:56"
51603,8281,718,"2007-06-15 19:30:13"
51832,8246,846,"2008-05-22 11:55:55"
51954,5204,1102,"2006-01-18 09:13:05"
51954,5576,863,"2006-01-15 01:56:43"
51954,5915,230,"2006-01-15 02:53:45"
51954,6834,1096,"2006-01-15 01:59:13"
51954,7248,995,"2006-01-15 01:55:31"
51954,8171,1128,"2006-01-15 02:24:28"
51954,8731,863,"2006-01-15 02:43:59"
52050,5173,1059,"2008-04-04 23:18:10"
52595,6600,575,"2006-02-19 12:36:46"
52595,6763,575,"2006-02-19 12:37:08"
52610,8171,958,"2006-03-18 20:58:21"
52707,5283,887,"2006-07-28 00:49:29"
52723,4132,1121,"2007-06-06 15:17:24"
52723,4296,719,"2007-06-06 14:18:57"
52723,4626,719,"2007-06-05 18:15:00"
52723,4723,719,"2007-06-25 06:31:45"
52723,5058,1080,"2007-06-06 15:55:38"
52723,5384,983,"2007-06-06 07:02:39"
52723,5576,719,"2007-06-21 17:46:34"
52723,5845,964,"2007-06-06 17:35:54"
52723,6652,719,"2007-06-25 06:26:40"
52723,6777,719,"2007-06-25 07:05:14"
52723,7049,56,"2007-06-07 18:18:35"
52723,7060,719,"2007-06-25 06:25:20"
52723,7212,719,"2007-06-25 06:35:58"
52723,8731,719,"2007-06-21 18:27:21"
52723,8734,1121,"2007-06-08 07:28:56"
52723,8787,719,"2007-06-25 06:27:32"
52778,4214,64,"2007-06-06 23:33:05"
52806,3961,428,"2006-08-18 15:09:24"
52806,4132,1121,"2006-07-28 16:25:31"
52806,4723,379,"2006-07-28 16:29:23"
52806,4870,498,"2006-07-28 16:00:23"
52806,4917,1096,"2006-07-28 16:15:35"
52806,5159,1069,"2006-07-31 12:54:08"
52806,5350,778,"2006-07-28 15:54:39"
52806,5407,45,"2006-07-28 16:16:03"
52806,5890,268,"2006-07-28 16:10:23"
52806,6428,784,"2006-08-18 15:19:39"
52806,6600,600,"2006-07-28 16:13:35"
52806,7050,778,"2006-07-31 12:57:58"
52806,7248,642,"2006-07-28 15:20:33"
52806,7942,420,"2006-08-18 15:14:16"
52806,8162,861,"2006-08-18 15:22:49"
52806,8777,431,"2006-07-28 15:30:17"
52827,6840,1037,"2006-07-15 14:22:17"
52983,5013,813,"2006-01-21 13:07:35"
53192,5775,151,"2008-04-09 11:50:22"
53335,6600,763,"2007-11-15 18:15:02"
53379,5223,209,"2008-04-14 11:32:23"
53859,3961,428,"2006-02-25 14:11:48"
53859,4781,445,"2006-02-25 14:10:00"
53859,5520,118,"2006-02-25 14:10:12"
53859,7309,1009,"2006-02-25 14:13:40"
53902,7248,95,"2006-11-24 02:54:07"
54129,5350,778,"2006-08-01 10:02:25"
54129,7050,778,"2006-08-01 10:02:26"
54152,8171,1128,"2006-08-04 10:51:59"
54217,7234,884,"2008-04-20 13:17:32"
54706,4920,285,"2006-06-07 12:13:20"
54740,4954,230,"2007-06-12 20:22:54"
54808,7172,731,"2007-07-01 08:40:58"
55124,5254,988,"2006-08-09 12:29:08"
55146,6770,575,"2006-01-14 11:07:23"
55398,6757,13,"2008-04-21 00:06:05"
55414,8082,471,"2007-06-15 12:33:40"
55560,6840,823,"2008-12-09 18:31:15"
55590,7248,554,"2006-10-01 13:28:35"
55590,8171,1128,"2006-10-01 13:32:25"
55699,5713,755,"2008-04-19 22:07:55"
55699,5860,1089,"2008-04-19 22:14:53"
55699,6426,887,"2008-04-19 22:07:18"
55699,7325,86,"2008-04-19 22:14:27"
55699,8263,134,"2008-04-19 22:14:02"
55699,8274,509,"2008-04-19 22:13:54"
55752,8246,1110,"2006-01-13 18:23:44"
55840,4870,498,"2006-01-23 06:42:40"
55840,6428,784,"2006-01-23 06:42:59"
55841,4214,761,"2006-02-13 08:30:13"
55841,4793,761,"2006-02-13 08:28:53"
55841,8163,959,"2006-02-13 08:35:28"
55841,8772,761,"2006-02-13 08:28:23"
55865,6439,770,"2008-01-27 15:55:44"
55865,6482,374,"2008-01-27 15:51:03"
55865,6513,361,"2008-01-27 15:56:56"
55865,7232,361,"2008-01-27 15:57:00"
55865,7903,185,"2006-08-13 09:42:49"
55936,8246,1110,"2006-01-15 05:04:32"
56030,6119,608,"2007-06-22 08:53:03"
56044,4780,326,"2007-07-12 21:06:01"
56281,7942,77,"2006-08-25 16:11:18"
56345,7309,19,"2006-08-14 19:52:32"
56345,8777,1096,"2007-08-07 22:22:29"
56354,4252,19,"2008-04-28 22:59:21"
56354,5350,19,"2008-04-28 23:01:03"
56354,6089,505,"2008-04-28 23:00:50"
56354,6428,19,"2008-04-28 23:00:46"
56354,6484,19,"2008-04-28 23:00:32"
56354,7939,505,"2008-04-28 22:58:44"
56354,8205,19,"2008-04-28 23:01:33"
56472,4882,887,"2008-04-29 15:59:13"
56896,6844,210,"2006-12-02 09:04:10"
56989,4793,785,"2006-08-18 18:27:23"
56989,6270,785,"2006-08-18 18:28:13"
57051,7034,623,"2006-01-17 11:12:42"
57051,7755,623,"2006-01-17 11:08:15"
57127,5792,412,"2008-05-14 13:02:49"
57127,6266,442,"2008-05-07 09:47:16"
57127,8171,350,"2008-06-18 15:21:08"
57127,8777,34,"2008-05-27 11:09:48"
57380,8777,1047,"2008-11-04 15:47:15"
57512,8684,689,"2007-03-13 12:12:28"
57546,4785,1028,"2007-07-15 13:48:41"
57620,4885,88,"2008-05-01 00:30:23"
57637,8900,149,"2006-12-16 11:33:58"
57767,4785,652,"2008-05-01 09:31:46"
57786,5890,268,"2006-01-17 05:30:31"
57819,7239,374,"2008-12-24 04:14:55"
58160,6270,414,"2008-12-20 14:13:31"
58160,8248,1117,"2008-12-20 13:39:20"
58160,8777,1047,"2008-12-20 14:12:16"
58213,8171,1128,"2008-12-19 23:22:00"
58232,5533,824,"2008-12-20 04:49:32"
58600,4354,244,"2008-05-03 13:34:02"
58657,6600,138,"2007-08-05 11:51:12"
58709,8246,640,"2006-08-29 08:27:30"
59012,7034,996,"2006-08-30 19:14:41"
59012,7248,995,"2006-08-30 19:14:46"
59092,4214,371,"2006-02-07 11:22:25"
59092,4275,1075,"2006-02-21 08:12:24"
59092,4641,770,"2006-01-13 18:52:53"
59092,4682,177,"2006-01-19 08:08:19"
59092,4785,1028,"2006-01-26 18:56:03"
59092,5034,1067,"2006-01-23 09:57:57"
59092,5254,989,"2006-01-12 19:09:53"
59092,5349,309,"2006-01-17 21:24:50"
59092,5775,573,"2006-01-27 23:23:18"
59092,5805,276,"2008-11-09 17:01:12"
59092,6058,989,"2006-01-12 19:10:13"
59092,6119,935,"2006-01-13 18:46:39"
59092,6278,706,"2006-02-21 07:26:29"
59092,6423,1040,"2006-01-12 19:09:23"
59092,6453,1075,"2006-02-21 08:12:19"
59092,6600,1029,"2006-02-05 19:31:22"
59092,6752,862,"2006-08-24 13:50:54"
59092,6839,824,"2006-02-21 08:03:21"
59092,7047,903,"2006-02-21 08:03:12"
59092,7211,649,"2006-02-21 08:03:40"
59092,7920,1022,"2006-02-19 22:29:09"
59092,7934,989,"2006-01-12 19:09:54"
59092,8211,1028,"2006-01-26 18:56:04"
59165,4155,613,"2006-09-01 09:01:16"
59165,4355,978,"2006-09-01 09:03:02"
59165,5282,1016,"2006-09-01 08:32:13"
59165,6829,864,"2006-09-01 09:03:51"
59193,7146,283,"2006-09-01 07:09:38"
59267,6270,785,"2008-05-08 05:58:26"
59401,4689,704,"2006-03-10 04:13:11"
59462,7204,230,"2008-05-12 16:02:30"
59499,5350,887,"2007-07-02 20:25:37"
59527,5159,1067,"2006-09-03 04:00:49"
59529,5903,312,"2006-07-10 09:10:03"
59816,4683,746,"2007-03-06 13:43:56"
59816,4787,730,"2007-03-06 13:42:30"
59816,4921,824,"2007-03-06 13:45:02"
59816,5533,730,"2007-03-06 13:43:12"
59816,5857,730,"2007-03-06 13:45:28"
59816,7211,523,"2007-03-06 13:39:53"
59816,7854,595,"2007-03-06 13:45:16"
59816,8214,800,"2007-03-06 13:43:46"
59816,8772,758,"2007-03-06 13:42:54"
59816,8777,509,"2007-03-06 13:39:18"
60036,7056,278,"2006-02-12 22:39:37"
60072,5694,732,"2006-09-23 21:55:36"
60158,5805,336,"2006-09-09 08:34:28"
60158,6428,29,"2006-09-09 08:44:20"
60307,5520,905,"2008-12-28 12:49:06"
60324,4785,974,"2006-09-08 10:41:23"
60363,4772,234,"2006-04-11 03:34:17"
60395,5775,1034,"2008-06-18 02:32:45"
60486,6270,785,"2006-09-09 09:42:50"
60564,6597,777,"2007-07-08 05:31:59"
60564,8279,776,"2007-07-08 05:46:50"
60692,6119,807,"2006-09-10 13:48:38"
60693,4785,1028,"2006-08-11 08:35:59"
60713,4680,1118,"2006-01-15 10:08:36"
60713,4874,1096,"2006-01-15 10:12:16"
60713,5572,1096,"2006-01-15 10:02:28"
60713,5720,1096,"2006-01-15 09:57:59"
60713,6664,1118,"2006-01-15 09:55:09"
60713,7920,1096,"2006-01-15 09:55:20"
60713,8248,268,"2006-01-15 09:54:26"
60713,8777,1096,"2006-01-15 09:55:15"
60738,5903,331,"2008-05-15 00:54:24"
60798,5016,732,"2007-07-06 19:46:34"
60863,5283,887,"2008-05-30 11:20:32"
61352,6763,631,"2006-04-14 07:08:02"
61352,8777,431,"2006-04-14 06:34:51"
61481,8171,1128,"2008-12-31 00:15:57"
61519,4252,485,"2007-08-15 00:28:06"
61519,4793,785,"2007-08-14 23:21:12"
61519,5523,863,"2007-08-14 23:21:48"
61519,5572,315,"2007-08-15 00:19:56"
61519,6270,64,"2007-08-15 00:15:10"
61519,6752,684,"2007-08-15 00:29:15"
61519,7042,1047,"2007-08-15 00:20:54"
61519,7180,863,"2007-08-14 23:26:06"
61519,8214,827,"2007-08-15 00:27:44"
61765,5857,1085,"2006-08-13 22:21:42"
61869,4252,762,"2006-02-25 05:27:17"
61869,4549,984,"2007-11-17 11:07:05"
61869,5783,107,"2008-01-12 11:02:02"
61869,5805,331,"2008-03-30 11:30:22"
61869,6600,929,"2007-11-17 11:00:21"
61869,7755,1112,"2007-10-28 09:30:21"
61869,8248,17,"2007-11-17 11:56:27"
62012,4155,901,"2006-01-13 10:03:25"
62012,4214,309,"2006-01-13 09:47:38"
62012,4546,901,"2006-01-13 09:47:33"
62012,4793,309,"2006-01-13 09:36:27"
62012,5254,901,"2006-01-13 09:36:36"
62012,5283,942,"2006-01-13 09:44:01"
62012,5364,901,"2006-01-13 10:02:58"
62012,6270,309,"2006-01-13 09:49:13"
62012,7755,901,"2006-01-13 09:22:53"
62012,7964,988,"2006-01-13 09:49:02"
62055,7322,992,"2006-09-16 09:26:56"
62348,8098,324,"2006-10-10 03:38:17"
62452,4874,753,"2008-01-31 13:54:45"
62452,7920,443,"2008-01-26 06:18:54"
62815,7331,86,"2006-02-27 13:12:52"
62880,6658,829,"2006-01-18 05:56:11"
62880,7316,466,"2006-02-13 02:36:33"
62880,8731,863,"2006-01-18 05:55:38"
62989,4808,211,"2008-12-25 18:50:12"
62989,4882,652,"2008-12-25 18:30:27"
62989,5350,419,"2008-12-25 18:24:25"
62989,7942,419,"2008-12-25 18:24:59"
62989,8211,1028,"2008-12-25 18:31:24"
62989,8777,835,"2008-12-25 18:17:48"
63198,7763,521,"2006-03-19 15:17:41"
63395,6270,785,"2006-02-12 11:04:05"
63458,7248,995,"2008-05-28 14:27:04"
63491,4641,968,"2007-07-19 04:54:18"
63594,5306,528,"2007-07-22 00:17:02"
63604,5058,1080,"2008-09-01 17:35:17"
63604,5283,965,"2006-04-08 05:51:54"
63604,5325,1121,"2006-05-16 18:29:56"
63604,5845,964,"2007-03-28 14:50:07"
63661,5350,778,"2006-09-25 06:02:41"
63661,7248,995,"2006-09-25 06:05:11"
63698,6119,541,"2006-09-25 09:04:35"
63725,4546,406,"2006-09-28 10:18:12"
63725,5381,406,"2006-09-28 10:10:36"
63725,5775,406,"2006-09-28 09:57:22"
63725,5845,406,"2006-09-28 09:53:41"
63725,6504,406,"2006-09-28 09:56:24"
63725,7753,808,"2006-11-13 09:31:49"
63725,8108,406,"2006-09-28 09:58:39"
63725,8111,1054,"2006-10-16 13:13:51"
63725,8113,406,"2006-09-28 10:13:42"
63725,8235,518,"2007-02-01 09:09:50"
63873,6056,450,"2006-09-25 19:29:32"
64009,5520,909,"2006-02-14 17:15:51"
64344,7248,780,"2006-08-25 20:30:19"
64363,4252,255,"2006-01-14 14:11:24"
64363,4609,631,"2007-04-01 10:27:34"
64363,4626,1013,"2006-02-15 05:36:50"
64363,4808,361,"2007-01-28 10:52:48"
64363,4870,187,"2007-04-01 10:24:54"
64363,5188,1013,"2006-02-15 05:34:48"
64363,5254,988,"2006-02-15 05:16:40"
64363,5386,770,"2007-03-07 13:37:50"
64363,5775,151,"2006-01-20 04:46:12"
64363,6223,1050,"2007-04-01 10:28:59"
64363,6475,1013,"2006-02-15 05:37:46"
64363,6643,1067,"2006-05-15 13:39:01"
64363,7755,623,"2006-05-07 04:02:54"
64363,7763,1013,"2006-03-11 08:12:11"
64363,7903,405,"2006-02-06 07:31:04"
64363,8269,1043,"2006-02-15 05:25:54"
64408,4793,785,"2006-09-29 05:47:41"
64408,6270,785,"2006-09-29 05:47:40"
64472,6643,1067,"2006-02-03 09:17:49"
64500,4793,785,"2006-02-21 04:39:41"
64500,5283,904,"2006-02-21 04:42:21"
64500,6270,785,"2006-02-21 04:39:48"
64540,5254,201,"2006-02-05 21:42:12"
64633,5959,1085,"2006-02-02 07:08:53"
64633,7493,1050,"2007-03-13 21:38:57"
64633,7856,892,"2006-03-07 19:24:24"
64633,7857,271,"2006-11-21 11:15:57"
64633,8097,842,"2006-11-11 16:54:08"
64633,8211,155,"2006-11-01 22:17:36"
64633,8737,980,"2006-03-14 07:20:36"
64633,8765,929,"2006-02-08 17:10:46"
64633,9034,1050,"2007-05-17 14:43:31"
64821,4641,965,"2006-04-27 18:36:39"
64821,5350,778,"2006-05-31 23:31:45"
64821,5364,264,"2006-06-01 00:41:37"
64821,5692,271,"2007-02-27 13:54:37"
64821,6423,232,"2006-06-01 00:34:56"
64821,6426,1028,"2006-06-01 00:11:09"
64961,8267,950,"2007-07-24 23:00:07"
65007,6423,988,"2006-10-02 06:42:52"
65081,6222,789,"2006-01-17 08:41:25"
65135,6643,1069,"2006-01-28 19:17:51"
65262,8688,720,"2006-09-16 21:14:11"
65436,4155,201,"2006-01-12 14:37:01"
65436,4355,201,"2006-01-12 14:38:53"
65436,4723,379,"2006-01-12 14:44:29"
65436,4870,595,"2006-01-12 14:40:23"
65436,5204,201,"2006-01-12 14:39:44"
65436,5890,1047,"2006-01-12 14:37:12"
65436,6454,1047,"2006-01-12 14:47:47"
65436,7753,1013,"2006-01-12 14:47:31"
65436,7763,1013,"2006-01-12 14:47:16"
65436,7920,1065,"2006-01-12 14:38:13"
65436,7934,901,"2006-01-12 14:48:03"
65436,8266,201,"2006-01-12 14:36:56"
65607,5254,988,"2008-06-06 11:10:28"
65607,8211,1028,"2008-06-10 08:32:33"
65713,4785,1028,"2006-10-04 00:41:10"
65839,8254,652,"2008-03-27 23:32:42"
65867,8207,368,"2006-10-04 17:17:04"
65867,9065,163,"2006-10-07 03:55:21"
65869,6834,1096,"2006-02-19 20:35:55"
65881,5001,8,"2007-08-05 21:15:17"
65914,6763,1009,"2006-10-04 16:44:06"
65914,7322,503,"2006-10-05 04:56:51"
66020,4355,479,"2008-06-24 23:30:54"
66020,6119,479,"2008-06-24 23:40:42"
66020,6266,847,"2008-06-24 23:40:04"
66032,5254,232,"2006-10-05 05:10:21"
66032,6058,232,"2006-10-05 05:12:37"
66032,7260,232,"2006-10-05 05:11:21"
66032,7934,232,"2006-10-05 05:09:34"
66128,4882,1025,"2007-07-30 21:50:54"
66128,5159,1025,"2007-07-30 22:16:54"
66149,4155,863,"2007-07-31 02:39:33"
66149,4723,958,"2008-11-14 04:47:09"
66149,7263,850,"2008-11-14 04:43:20"
66149,7309,19,"2007-07-31 02:39:47"
66190,4275,554,"2007-07-31 08:16:24"
66207,4882,1104,"2007-07-31 12:39:04"
66207,5282,165,"2007-07-31 12:35:06"
66207,7034,325,"2007-07-31 12:35:17"
66227,6119,400,"2007-07-31 16:44:18"
66227,7248,995,"2007-07-31 16:49:30"
66227,7920,800,"2007-07-31 16:42:37"
66238,4787,1072,"2007-07-31 18:21:36"
66289,7034,377,"2007-07-31 23:16:05"
66389,7034,377,"2007-08-01 12:48:11"
66389,7920,315,"2007-08-01 12:49:03"
66453,4899,1003,"2007-08-01 19:58:42"
66453,5349,95,"2007-08-01 19:55:11"
66453,5523,1003,"2007-08-01 19:58:00"
66453,7047,445,"2007-08-01 19:57:15"
66516,4275,29,"2007-08-02 11:17:30"
66516,4354,193,"2007-08-02 11:23:23"
66516,6058,632,"2007-08-02 11:27:09"
66516,6266,442,"2007-08-02 11:23:48"
66516,6759,323,"2007-08-02 11:18:00"
66619,5282,107,"2007-08-02 20:18:57"
66770,8267,372,"2007-08-03 16:11:44"
66780,5407,522,"2007-08-03 16:08:17"
66780,7034,29,"2007-08-03 16:08:52"
66784,4355,332,"2007-08-03 16:15:18"
66862,5407,882,"2007-08-03 16:47:02"
66902,4899,863,"2008-06-11 09:52:15"
66936,4275,1075,"2007-08-04 04:57:13"
66936,4882,849,"2007-08-04 04:56:42"
66937,6759,746,"2006-04-12 11:37:43"
66968,5433,999,"2007-08-04 10:35:02"
66968,5572,315,"2007-08-04 10:42:54"
66968,7854,332,"2007-08-04 10:44:35"
67033,7260,23,"2007-08-05 01:02:18"
67033,7920,315,"2007-08-05 00:59:26"
67066,4785,995,"2006-10-15 11:43:39"
67066,7248,995,"2006-10-15 11:43:15"
67070,4155,863,"2007-08-05 06:59:30"
67119,4155,230,"2007-08-05 13:44:54"
67119,7309,425,"2007-08-05 13:45:16"
67171,4551,1084,"2007-08-05 20:56:05"
67171,4781,872,"2007-08-05 20:18:02"
67171,5350,1084,"2007-08-06 18:55:27"
67171,7143,312,"2007-08-06 19:54:29"
67171,7934,1084,"2007-08-05 19:49:30"
67171,8211,312,"2007-08-05 19:37:00"
67171,8246,913,"2007-08-05 20:44:34"
67207,6266,230,"2007-08-05 19:58:47"
67230,7047,1047,"2006-02-20 00:47:34"
67230,8267,1047,"2006-02-20 00:31:49"
67252,4155,871,"2007-08-06 01:29:33"
67252,5283,420,"2007-08-06 01:29:14"
67252,7309,1085,"2007-08-06 01:29:43"
67277,6423,19,"2007-04-15 06:27:56"
67277,9107,88,"2006-02-16 18:20:02"
67282,4355,414,"2007-08-06 05:35:55"
67305,4355,333,"2007-08-06 07:54:43"
67321,4355,230,"2007-08-06 08:37:54"
67321,7034,323,"2007-08-06 08:37:07"
67321,7920,315,"2007-08-06 08:38:07"
67422,7309,763,"2008-06-13 21:46:05"
67500,5254,988,"2006-06-23 05:57:36"
67500,7325,1069,"2006-06-23 05:45:02"
67666,7248,995,"2006-10-10 20:27:45"
67687,6659,1021,"2006-07-28 19:28:44"
67687,8207,368,"2006-07-28 19:44:03"
67687,8768,1091,"2006-07-28 19:26:10"
67687,8983,599,"2006-07-28 19:25:43"
67691,8267,377,"2007-08-07 14:50:05"
67697,4882,1025,"2007-08-07 16:40:57"
67697,6119,959,"2007-08-07 16:41:32"
67697,6509,79,"2007-08-07 16:45:55"
67705,4355,230,"2007-08-07 16:45:52"
67742,7248,995,"2006-10-11 02:03:30"
67795,4354,887,"2007-08-08 09:01:26"
67795,6266,215,"2007-08-08 09:00:55"
67816,6266,847,"2007-08-08 09:27:35"
67816,7920,251,"2007-08-08 09:26:41"
67865,6119,959,"2007-08-08 13:19:47"
67865,6759,745,"2007-08-08 13:20:06"
67889,8777,1047,"2008-06-16 01:37:23"
67921,7309,1085,"2007-08-08 19:43:58"
67937,6266,417,"2007-08-08 17:44:48"
68026,4155,863,"2007-08-09 07:27:35"
68035,4275,509,"2007-08-09 08:31:25"
68035,6759,323,"2007-08-09 08:31:24"
68046,7309,634,"2007-08-09 11:03:52"
68050,6643,1067,"2006-10-12 04:55:55"
68050,8211,1028,"2006-10-11 15:13:29"
68076,5283,889,"2007-08-09 11:31:17"
68105,4155,863,"2007-08-09 12:20:14"
68112,6597,415,"2007-08-09 13:17:04"
68112,6759,288,"2007-08-09 13:11:32"
68112,7260,462,"2007-08-09 13:18:10"
68118,4882,377,"2007-08-09 13:27:06"
68118,6266,417,"2007-08-09 13:27:56"
68118,7934,233,"2007-08-15 07:27:02"
68151,7034,995,"2008-11-27 01:02:22"
68178,4155,230,"2007-08-09 22:12:25"
68178,7309,19,"2007-08-09 22:12:45"
68228,5350,778,"2007-02-19 10:07:13"
68228,6428,1128,"2007-02-19 09:31:54"
68228,6763,575,"2007-02-19 10:01:53"
68228,7050,778,"2007-02-19 10:08:24"
68228,7763,735,"2007-02-19 10:00:10"
68228,8211,242,"2007-02-19 09:50:02"
68228,8267,754,"2007-02-19 09:31:58"
68243,4355,230,"2007-08-10 08:31:52"
68243,5282,230,"2007-08-10 08:31:29"
68243,5283,19,"2007-08-10 08:30:15"
68243,5407,887,"2007-08-10 08:31:18"
68243,6759,689,"2007-08-10 08:32:54"
68304,5805,54,"2008-01-07 15:13:09"
68304,6119,469,"2007-08-10 13:48:19"
68363,5349,64,"2007-08-10 20:43:54"
68363,6058,232,"2007-08-10 20:43:48"
68424,6089,416,"2006-06-19 08:08:00"
68441,7309,1084,"2007-08-11 08:42:17"
68441,8267,155,"2007-08-11 08:52:18"
68494,7309,19,"2007-08-11 14:21:57"
68516,4882,887,"2007-08-11 16:57:28"
68584,6759,527,"2007-08-12 06:45:46"
68604,5349,588,"2007-08-12 08:04:30"
68604,7034,372,"2007-08-12 07:55:48"
68604,7920,315,"2007-08-12 07:57:22"
68604,8267,377,"2007-08-12 08:02:13"
68628,6119,543,"2007-08-12 15:51:24"
68628,6266,417,"2007-08-12 15:13:29"
68637,4057,489,"2006-02-04 02:53:51"
68637,5533,489,"2006-02-04 02:55:01"
68637,5775,573,"2006-02-04 03:01:54"
68637,8108,43,"2006-02-04 03:10:59"
68657,7920,798,"2007-08-12 17:12:45"
68750,6278,323,"2007-08-13 10:14:41"
68750,8267,323,"2007-08-13 10:11:46"
68773,7920,315,"2007-08-13 13:08:51"
68778,5433,882,"2007-08-13 14:03:06"
68778,6840,139,"2007-08-13 14:03:21"
68803,6119,1017,"2007-08-13 16:43:52"
68810,4870,181,"2007-09-27 10:21:19"
68810,4882,995,"2007-08-13 17:05:29"
68810,6223,1050,"2007-09-27 10:28:02"
68810,6759,1025,"2007-08-13 17:05:51"
68810,6763,1085,"2007-09-27 10:11:00"
68810,7034,1050,"2007-09-27 10:15:54"
68810,7234,534,"2007-09-27 10:00:24"
68810,8171,1085,"2007-09-27 10:14:50"
68810,8772,159,"2007-09-27 10:08:32"
68901,4355,230,"2007-08-14 05:51:08"
68901,4882,230,"2007-08-14 05:51:57"
68934,6392,682,"2007-08-14 08:57:57"
68967,6759,268,"2007-08-14 11:34:18"
68986,4275,1075,"2006-12-23 09:51:52"
68986,4297,599,"2006-12-22 12:57:43"
68986,4917,1096,"2006-12-22 02:47:41"
68986,5159,1069,"2006-12-22 02:57:17"
68986,5736,1106,"2006-12-22 02:34:06"
68986,6426,1028,"2006-12-22 02:40:15"
68986,6453,1075,"2006-12-23 09:51:48"
68986,6475,264,"2006-12-22 02:57:52"
68986,6600,929,"2006-12-22 03:01:05"
68986,6643,1069,"2006-12-22 02:39:21"
68986,7089,1128,"2006-12-22 02:37:01"
68986,7247,1128,"2006-12-22 02:35:11"
68986,7325,1069,"2006-12-22 02:58:45"
68986,8159,1128,"2006-12-22 02:42:00"
68986,8171,1128,"2006-12-22 02:09:27"
68986,8282,1069,"2006-12-22 03:06:42"
68986,8983,599,"2006-12-22 12:49:51"
68986,9113,599,"2006-12-22 02:08:12"
68989,4355,230,"2007-08-14 17:51:36"
68989,4899,201,"2007-08-14 17:57:01"
68989,5282,230,"2007-08-14 17:50:59"
68989,5407,522,"2007-08-14 17:50:47"
68989,5433,522,"2007-08-14 17:54:57"
68989,5523,201,"2007-08-14 17:56:38"
68989,7034,377,"2007-08-14 17:51:09"
69002,6597,268,"2007-08-14 18:49:56"
69043,6428,230,"2006-10-16 10:34:09"
69140,7920,877,"2007-08-15 12:51:10"
69195,4155,439,"2006-10-18 12:02:48"
69195,4296,230,"2006-10-18 12:03:26"
69195,4870,268,"2006-10-18 12:06:51"
69195,5123,63,"2006-10-18 12:02:29"
69195,5283,887,"2006-10-18 12:16:09"
69195,5805,336,"2006-10-18 11:15:48"
69195,6270,309,"2006-10-18 12:24:34"
69195,6426,1028,"2006-10-18 12:16:23"
69195,6600,575,"2006-10-18 11:01:01"
69195,6777,978,"2006-10-18 12:03:32"
69195,7920,800,"2006-10-18 12:26:58"
69195,7934,232,"2006-10-18 12:12:09"
69195,7942,419,"2006-10-18 12:14:32"
69195,8108,19,"2006-10-18 12:17:44"
69195,8274,509,"2006-10-18 11:56:06"
69301,6759,364,"2007-08-16 18:00:10"
69310,5407,44,"2007-08-16 22:19:13"
69374,7034,996,"2006-10-17 20:10:22"
69378,6266,442,"2007-08-17 01:57:04"
69399,7920,798,"2007-08-17 05:10:03"
69436,4275,367,"2007-08-17 13:53:38"
69480,5433,139,"2007-08-17 18:44:33"
69480,6058,232,"2007-08-17 18:44:57"
69489,4275,19,"2007-08-17 19:49:42"
69489,4882,887,"2007-08-17 19:49:13"
69489,4899,863,"2007-08-17 19:58:31"
69489,5523,863,"2007-08-17 19:56:52"
69489,6266,529,"2007-08-17 19:50:12"
69489,6759,374,"2007-08-17 19:49:53"
69489,7920,374,"2007-08-17 19:48:38"
69504,4785,1028,"2006-09-09 17:37:38"
69517,4275,29,"2007-08-17 21:43:18"
69517,6089,418,"2007-08-26 15:12:43"
69517,6266,230,"2007-08-17 21:44:09"
69517,6759,323,"2007-08-17 21:43:28"
69517,7854,418,"2007-08-26 15:09:14"
69555,4882,155,"2007-08-18 03:02:54"
69555,6119,935,"2007-08-18 03:03:06"
69576,5293,849,"2007-08-20 11:56:56"
69576,6266,442,"2007-08-18 06:12:03"
69576,7309,146,"2008-07-08 14:51:26"
69629,5349,204,"2007-08-18 09:53:24"
69629,6058,19,"2007-08-18 09:53:13"
69629,6278,323,"2007-08-18 09:54:53"
69629,6840,323,"2007-08-18 09:52:53"
69629,7047,323,"2007-08-18 09:55:56"
69629,8254,1025,"2007-08-18 09:56:12"
69660,5533,489,"2006-10-25 09:47:42"
69660,8254,522,"2006-10-25 09:48:11"
69674,5282,165,"2007-08-18 13:41:55"
69719,4793,785,"2006-10-19 13:31:06"
69719,4870,268,"2006-10-19 13:28:12"
69719,5254,232,"2006-10-19 13:30:23"
69719,5350,419,"2006-10-19 13:30:18"
69719,6270,785,"2006-10-19 13:31:54"
69719,7934,988,"2006-10-19 13:27:33"
69738,6598,1084,"2007-08-19 18:54:55"
69773,4355,96,"2007-08-18 21:27:46"
69773,5282,846,"2007-08-18 21:25:58"
69773,6759,1072,"2007-08-18 21:29:14"
69773,7920,95,"2007-08-18 21:28:27"
69820,4163,88,"2007-08-19 04:03:07"
69820,4633,824,"2007-09-17 07:52:14"
69820,5159,1069,"2007-08-19 03:57:10"
69820,5349,310,"2007-08-19 03:57:16"
69820,7034,871,"2007-08-19 03:54:59"
69820,8108,875,"2007-08-19 04:01:27"
69820,8254,994,"2007-08-19 03:59:05"
69830,4275,29,"2007-08-19 05:36:35"
69830,5349,418,"2007-08-19 05:41:59"
69830,6840,292,"2007-08-19 05:41:40"
69867,4148,554,"2007-08-19 08:57:24"
69875,4275,29,"2007-08-19 08:31:30"
69875,8096,323,"2007-08-19 08:33:54"
69930,4355,979,"2007-08-19 11:13:35"
69940,4275,1075,"2007-08-19 11:53:19"
70001,4275,29,"2007-08-19 17:52:22"
70001,4882,1025,"2007-08-19 17:51:53"
70001,6266,230,"2007-08-19 17:53:00"
70001,6759,323,"2007-08-19 17:52:23"
70001,7920,315,"2007-08-19 17:51:34"
70047,4355,418,"2007-08-19 19:26:37"
70047,5282,255,"2007-08-19 19:27:24"
70078,4793,785,"2008-06-26 19:36:32"
70100,6840,823,"2007-08-20 06:09:55"
70120,4155,230,"2007-08-20 09:24:43"
70120,7309,19,"2007-08-20 09:25:27"
70142,6770,374,"2007-08-20 10:14:41"
70142,8096,86,"2007-08-20 10:02:36"
70200,4275,29,"2007-08-20 17:12:15"
70200,6266,230,"2007-08-20 17:12:29"
70200,7034,377,"2007-08-20 17:09:54"
70223,6759,169,"2007-08-20 19:29:22"
70223,6840,872,"2007-08-20 19:34:16"
70223,7920,554,"2007-08-20 19:28:43"
70243,7034,377,"2007-08-21 03:45:04"
70253,4155,614,"2007-08-21 04:34:46"
70253,7309,1009,"2007-08-21 04:35:29"
70287,4689,705,"2007-08-22 02:58:05"
70287,4730,1102,"2007-08-22 02:57:38"
70291,6266,887,"2007-08-21 08:17:35"
70291,8096,19,"2007-08-21 08:18:29"
70299,4155,865,"2007-08-21 08:57:43"
70299,5282,1062,"2007-08-21 08:51:41"
70299,7920,315,"2007-08-21 08:54:22"
70350,6266,230,"2007-08-21 12:09:53"
70407,9102,905,"2006-10-23 11:39:55"
70421,4275,1075,"2007-08-21 17:48:58"
70421,7920,355,"2007-08-21 17:46:34"
70435,4355,278,"2007-08-21 21:16:22"
70485,5159,1069,"2007-08-22 05:45:02"
70562,4132,127,"2007-08-22 10:43:01"
70617,5282,497,"2007-08-23 00:28:50"
70623,4551,849,"2006-02-07 12:39:43"
70645,6058,989,"2007-08-23 07:17:30"
70698,6266,1071,"2007-08-23 11:23:25"
70712,5282,878,"2007-08-23 12:01:44"
70712,6266,1035,"2007-08-23 12:04:06"
70730,4355,201,"2007-08-23 14:23:27"
70743,5369,232,"2006-05-08 04:08:00"
70743,7260,232,"2006-05-08 04:06:58"
70743,7934,232,"2006-05-08 04:07:54"
70753,5857,424,"2006-05-17 18:59:19"
70753,8748,380,"2008-03-03 18:19:01"
70760,5282,840,"2007-08-23 19:35:55"
70775,4155,863,"2007-08-23 20:05:57"
70806,4275,29,"2007-08-24 04:18:44"
70806,5282,323,"2007-08-24 04:16:34"
70806,7920,798,"2007-08-24 04:18:01"
70974,4683,746,"2007-04-16 09:24:54"
70974,5283,406,"2007-04-17 14:21:35"
70974,8171,1127,"2007-04-17 08:41:47"
70974,8772,159,"2007-04-19 19:52:58"
70998,4355,201,"2007-08-25 13:00:45"
71062,5282,164,"2007-08-25 17:43:48"
71062,7920,800,"2007-08-25 17:45:29"
71149,4751,417,"2006-12-15 02:30:04"
71149,6114,1096,"2006-11-09 08:51:08"
71149,6840,601,"2007-02-25 15:03:52"
71149,7749,278,"2006-11-07 07:26:09"
71149,7763,427,"2007-12-24 01:46:29"
71188,4882,849,"2007-08-26 13:39:01"
71195,5282,1108,"2007-08-26 14:08:46"
71241,5282,865,"2007-08-26 15:48:32"
71241,7034,863,"2007-08-26 15:48:40"
71254,5349,414,"2007-08-26 16:44:31"
71262,6058,97,"2007-08-26 16:33:16"
71262,8214,417,"2007-08-26 16:34:46"
71262,8281,103,"2007-08-26 16:34:26"
71287,7942,887,"2007-08-26 18:20:58"
71291,4155,201,"2007-08-26 18:33:15"
71301,7942,887,"2007-08-26 19:08:07"
71315,7034,535,"2007-08-26 20:34:44"
71331,4148,331,"2006-01-13 11:01:48"
71331,4641,1081,"2006-01-13 10:52:19"
71331,4785,652,"2006-01-13 10:55:04"
71331,4882,652,"2006-01-13 11:03:06"
71331,4954,958,"2006-01-13 12:07:46"
71331,5159,1069,"2006-01-13 11:09:35"
71331,5324,331,"2006-01-13 11:10:59"
71331,5386,958,"2006-01-13 12:04:38"
71331,5775,151,"2006-01-13 11:02:02"
71331,6428,784,"2006-01-13 11:24:30"
71331,6597,268,"2006-01-13 11:02:40"
71331,6643,1069,"2006-01-13 11:05:16"
71331,6763,1009,"2006-01-13 10:53:24"
71331,7309,1009,"2006-01-13 10:55:24"
71331,7325,1069,"2006-01-13 11:05:20"
71394,6266,230,"2007-09-03 08:12:06"
71414,4275,911,"2007-08-27 09:56:05"
71414,7942,861,"2007-08-27 09:57:23"
71420,5845,942,"2008-03-27 17:21:42"
71424,7309,850,"2007-08-27 10:36:35"
71448,4355,230,"2007-08-27 14:05:37"
71448,7920,936,"2007-08-27 14:06:15"
71478,5572,818,"2006-02-12 11:43:21"
71497,7309,146,"2007-08-27 16:12:54"
71509,9113,599,"2008-09-04 07:22:27"
71529,6270,785,"2006-10-28 22:12:26"
71556,7309,1107,"2007-08-27 18:13:09"
